from_port,to_port,from_lat,from_lon,to_lat,to_lon,count,route_key
MONTEVIDEO,LA CORUÑA,-34.89,-56.21,43.36,-8.36,8742,"('LA CORUÑA', 'MONTEVIDEO')"
LA CORUÑA,MONTEVIDEO,43.36,-8.36,-34.89,-56.21,8513,"('LA CORUÑA', 'MONTEVIDEO')"
ROTTERDAM,BATAVIA,51.0,1.11,-6.1,106.86,7745,"('BATAVIA', 'ROTTERDAM')"
LA CORUÑA,LA HABANA,43.36,-8.36,23.48,-80.91,7523,"('LA CORUÑA', 'LA HABANA')"
LA HABANA,LA CORUÑA,23.48,-80.91,43.36,-8.36,6031,"('LA CORUÑA', 'LA HABANA')"
NEDERLAND,BATAVIA,52.0,5.0,-6.1,106.86,5989,"('BATAVIA', 'NEDERLAND')"
BATAVIA,ROTTERDAM,-6.1,106.86,51.0,1.11,5373,"('BATAVIA', 'ROTTERDAM')"
NIEUWEDIEP,BATAVIA,52.155,3.27,-6.1,106.86,5256,"('BATAVIA', 'NIEUWEDIEP')"
BATAVIA,NIEUWEDIEP,-6.1,106.86,52.155,3.27,4677,"('BATAVIA', 'NIEUWEDIEP')"
BATAVIA,NEDERLAND,-6.1,106.86,52.0,5.0,3533,"('BATAVIA', 'NEDERLAND')"
TEXEL,BATAVIA,52.615,4.175000000000001,-6.1,106.86,2548,"('BATAVIA', 'TEXEL')"
BATAVIA,TEXEL,-6.1,106.86,52.615,4.175000000000001,2279,"('BATAVIA', 'TEXEL')"
BATAVIA,HELLEVOETSLUIS,-6.1,106.86,51.81,4.08,2258,"('BATAVIA', 'HELLEVOETSLUIS')"
HELLEVOETSLUIS,BATAVIA,51.81,4.08,-6.1,106.86,2075,"('BATAVIA', 'HELLEVOETSLUIS')"
JAVA HEAD,DOWNS,-6.75,105.2,51.2,1.4,1678,"('DOWNS', 'JAVA HEAD')"
AMSTERDAM,BATAVIA,52.77,3.97,-6.1,106.86,1635,"('AMSTERDAM', 'BATAVIA')"
LA HABANA,CÁDIZ,23.48,-80.91,36.525000000000006,-6.41,1571,"('CÁDIZ', 'LA HABANA')"
BATAVIA,AMSTERDAM,-6.1,106.86,52.77,3.97,1496,"('AMSTERDAM', 'BATAVIA')"
MONTEVIDEO,CÁDIZ,-34.89,-56.21,36.525000000000006,-6.41,1407,"('CÁDIZ', 'MONTEVIDEO')"
BANJOEWANGIE,NIEUWEDIEP,-8.2,114.35,52.155,3.27,1398,"('BANJOEWANGIE', 'NIEUWEDIEP')"
TEXEL,KAAP DE GOEDE HOOP,52.615,4.175000000000001,-34.12,18.23,1302,"('KAAP DE GOEDE HOOP', 'TEXEL')"
DOWNS,BOMBAY,51.2,1.4,18.93,72.85,1242,"('BOMBAY', 'DOWNS')"
DOWNS,MADRAS,51.2,1.4,13.08,80.27,1185,"('DOWNS', 'MADRAS')"
BATAVIA,BROUWERSHAVEN,-6.1,106.86,51.75,3.9,1139,"('BATAVIA', 'BROUWERSHAVEN')"
CURACAO,HELLEVOETSLUIS,12.21,-68.34,51.81,4.08,1049,"('CURACAO', 'HELLEVOETSLUIS')"
NEDERLAND,JAVA,52.0,5.0,-7.5,110.0,959,"('JAVA', 'NEDERLAND')"
RIO DE JANEIRO,BATAVIA,-22.9,-43.16,-6.1,106.86,936,"('BATAVIA', 'RIO DE JANEIRO')"
SPITHEAD,MADRAS,50.525000000000006,-1.115,13.08,80.27,827,"('MADRAS', 'SPITHEAD')"
CÁDIZ,MONTEVIDEO,36.525000000000006,-6.41,-34.89,-56.21,824,"('CÁDIZ', 'MONTEVIDEO')"
BATAVIA,KAAP DE GOEDE HOOP,-6.1,106.86,-34.12,18.23,790,"('BATAVIA', 'KAAP DE GOEDE HOOP')"
JAMAICA,SPITHEAD,18.1,-77.3,50.525000000000006,-1.115,771,"('JAMAICA', 'SPITHEAD')"
JAVA HEAD,UK,-6.75,105.2,51.5,-0.1,754,"('JAVA HEAD', 'UK')"
SURINAME,MIDDELBURG,6.095000000000001,-54.485,51.5,3.6,743,"('MIDDELBURG', 'SURINAME')"
JAVA HEAD,ST HELENA,-6.75,105.2,-16.02,-5.08,733,"('JAVA HEAD', 'ST HELENA')"
TABLE BAY,SPITHEAD,-33.9,18.4,50.525000000000006,-1.115,729,"('SPITHEAD', 'TABLE BAY')"
SPITHEAD,TABLE BAY,50.525000000000006,-1.115,-33.9,18.4,696,"('SPITHEAD', 'TABLE BAY')"
NEDERLAND,SURINAME,52.0,5.0,6.095000000000001,-54.485,667,"('NEDERLAND', 'SURINAME')"
SPITHEAD,BARBADOS,50.525000000000006,-1.115,13.095,-58.93,660,"('BARBADOS', 'SPITHEAD')"
RAMMEKENS,CEYLON,51.45,3.65,6.85,82.1,656,"('CEYLON', 'RAMMEKENS')"
MIDDELBURG,CEYLON,51.5,3.6,6.85,82.1,647,"('CEYLON', 'MIDDELBURG')"
PORTSMOUTH,MADRAS,50.2,-1.58,13.08,80.27,621,"('MADRAS', 'PORTSMOUTH')"
EL CALLAO,CÁDIZ,-12.03,-77.16,36.525000000000006,-6.41,612,"('CÁDIZ', 'EL CALLAO')"
EL CALLAO (LIMA),CÁDIZ,-12.07,-77.15,36.525000000000006,-6.41,564,"('CÁDIZ', 'EL CALLAO (LIMA)')"
BATAVIA,ANTWERPEN,-6.1,106.86,51.22,4.4,553,"('ANTWERPEN', 'BATAVIA')"
ST HELENA,SPITHEAD,-16.02,-5.08,50.525000000000006,-1.115,538,"('SPITHEAD', 'ST HELENA')"
TABLE BAY,MADRAS,-33.9,18.4,13.08,80.27,533,"('MADRAS', 'TABLE BAY')"
MADEIRA,ST HELENA,32.95,-15.88,-16.02,-5.08,504,"('MADEIRA', 'ST HELENA')"
CURACAO,NEDERLAND,12.21,-68.34,52.0,5.0,465,"('CURACAO', 'NEDERLAND')"
MONTEVIDEO,CADIZ,-34.89,-56.21,36.53,-6.3,462,"('CADIZ', 'MONTEVIDEO')"
ROTTERDAM,MAKASSAR,51.0,1.11,-5.65,118.2,455,"('MAKASSAR', 'ROTTERDAM')"
BATAVIA,ZIERIKZEE,-6.1,106.86,50.775,0.8899999999999999,453,"('BATAVIA', 'ZIERIKZEE')"
BREST,MARTINIQUE,48.34,-5.385,15.65,-61.745000000000005,449,"('BREST', 'MARTINIQUE')"
NIEUWEDIEP,CALCUTTA,52.155,3.27,20.47,87.27,446,"('CALCUTTA', 'NIEUWEDIEP')"
PLYMOUTH,MADRAS,50.35,-4.16,13.08,80.27,439,"('MADRAS', 'PLYMOUTH')"
ANTWERPEN,BATAVIA,51.22,4.4,-6.1,106.86,439,"('ANTWERPEN', 'BATAVIA')"
PARAMARIBO,HELLEVOETSLUIS,5.83,-55.15,51.81,4.08,429,"('HELLEVOETSLUIS', 'PARAMARIBO')"
SURINAME,NEDERLAND,6.095000000000001,-54.485,52.0,5.0,429,"('NEDERLAND', 'SURINAME')"
HELLEVOETSLUIS,PARAMARIBO,51.81,4.08,5.83,-55.15,426,"('HELLEVOETSLUIS', 'PARAMARIBO')"
HELLEVOETSLUIS,SURINAME,51.81,4.08,6.095000000000001,-54.485,407,"('HELLEVOETSLUIS', 'SURINAME')"
JAVA HEAD,DOWNS UK,-6.75,105.2,51.2,1.4,403,"('DOWNS UK', 'JAVA HEAD')"
SOERABAIJA,NIEUWEDIEP,-7.23,112.7,52.155,3.27,395,"('NIEUWEDIEP', 'SOERABAIJA')"
PLYMOUTH,NEW ZEALAND,50.35,-4.16,-41.0,174.0,394,"('NEW ZEALAND', 'PLYMOUTH')"
CALLAO,CÁDIZ,-12.08,-77.93,36.525000000000006,-6.41,389,"('CALLAO', 'CÁDIZ')"
PLYMOUTH,BATAVIA,50.35,-4.16,-6.1,106.86,387,"('BATAVIA', 'PLYMOUTH')"
NEW YORK,BATAVIA,40.75,-73.97,-6.1,106.86,383,"('BATAVIA', 'NEW YORK')"
TABLE BAY,PLYMOUTH,-33.9,18.4,50.35,-4.16,377,"('PLYMOUTH', 'TABLE BAY')"
PADANG,AMSTERDAM,-1.095,100.375,52.77,3.97,373,"('AMSTERDAM', 'PADANG')"
RAMMEKENS,BATAVIA,51.45,3.65,-6.1,106.86,371,"('BATAVIA', 'RAMMEKENS')"
VLISSINGEN,BATAVIA,51.45,3.58,-6.1,106.86,369,"('BATAVIA', 'VLISSINGEN')"
TEXEL,SURINAME,52.615,4.175000000000001,6.095000000000001,-54.485,362,"('SURINAME', 'TEXEL')"
ST HELENA,UK,-16.02,-5.08,51.5,-0.1,361,"('ST HELENA', 'UK')"
SOERABAIJA,NEDERLAND,-7.23,112.7,52.0,5.0,358,"('NEDERLAND', 'SOERABAIJA')"
BATAVIA,RAMMEKENS,-6.1,106.86,51.45,3.65,353,"('BATAVIA', 'RAMMEKENS')"
SPITHEAD,NEW YORK,50.525000000000006,-1.115,40.75,-73.97,350,"('NEW YORK', 'SPITHEAD')"
ELMINA,SURINAME,5.08,-1.34,6.095000000000001,-54.485,347,"('ELMINA', 'SURINAME')"
MADRAS,SPITHEAD,13.08,80.27,50.525000000000006,-1.115,346,"('MADRAS', 'SPITHEAD')"
KAAP DE GOEDE HOOP,BATAVIA,-34.12,18.23,-6.1,106.86,326,"('BATAVIA', 'KAAP DE GOEDE HOOP')"
SPITHEAD,ST HELENA,50.525000000000006,-1.115,-16.02,-5.08,325,"('SPITHEAD', 'ST HELENA')"
ANTIGUA,SPITHEAD,17.12,-61.85,50.525000000000006,-1.115,323,"('ANTIGUA', 'SPITHEAD')"
PLYMOUTH,BARBADOS,50.35,-4.16,13.095,-58.93,322,"('BARBADOS', 'PLYMOUTH')"
CÁDIZ,VERACRUZ,36.525000000000006,-6.41,19.2,-96.1,320,"('CÁDIZ', 'VERACRUZ')"
ZIERIKZEE,BATAVIA,50.775,0.8899999999999999,-6.1,106.86,316,"('BATAVIA', 'ZIERIKZEE')"
BROUWERSHAVEN,BATAVIA,51.75,3.9,-6.1,106.86,312,"('BATAVIA', 'BROUWERSHAVEN')"
TAFELBAAI,BATAVIA,-34.225,18.175,-6.1,106.86,312,"('BATAVIA', 'TAFELBAAI')"
HELLEVOETSLUIS,RIO DE JANEIRO,51.81,4.08,-22.9,-43.16,312,"('HELLEVOETSLUIS', 'RIO DE JANEIRO')"
CORK,BARBADOS,51.35,-8.815,13.095,-58.93,307,"('BARBADOS', 'CORK')"
SPITHEAD,MADEIRA,50.525000000000006,-1.115,32.95,-15.88,304,"('MADEIRA', 'SPITHEAD')"
JAVA,NEDERLAND,-7.5,110.0,52.0,5.0,302,"('JAVA', 'NEDERLAND')"
CURACAO,TEXEL,12.21,-68.34,52.615,4.175000000000001,301,"('CURACAO', 'TEXEL')"
ROTTERDAM,JAVA,51.0,1.11,-7.5,110.0,299,"('JAVA', 'ROTTERDAM')"
BATAVIA,ST HELENA,-6.1,106.86,-16.02,-5.08,299,"('BATAVIA', 'ST HELENA')"
MANILA,CÁDIZ,14.15,120.5,36.525000000000006,-6.41,295,"('CÁDIZ', 'MANILA')"
SANTA CATALINA,CÁDIZ,-27.62,-48.58,36.525000000000006,-6.41,292,"('CÁDIZ', 'SANTA CATALINA')"
ST HELENA,DOWNS,-16.02,-5.08,51.2,1.4,291,"('DOWNS', 'ST HELENA')"
DOWNS,JAVA,51.2,1.4,-7.5,110.0,290,"('DOWNS', 'JAVA')"
ST HELENA,TABLE BAY,-16.02,-5.08,-33.9,18.4,289,"('ST HELENA', 'TABLE BAY')"
TABLE BAY,PORTSMOUTH,-33.9,18.4,50.2,-1.58,288,"('PORTSMOUTH', 'TABLE BAY')"
TEXEL,RIO DE JANEIRO,52.615,4.175000000000001,-22.9,-43.16,285,"('RIO DE JANEIRO', 'TEXEL')"
ST GEORGE D'ELMINA,BATAVIA,5.08,-1.34,-6.1,106.86,272,"('BATAVIA', ""ST GEORGE D'ELMINA"")"
UK,BOMBAY,51.5,-0.1,18.93,72.85,268,"('BOMBAY', 'UK')"
EL CALLAO,CADIZ,-12.03,-77.16,36.53,-6.3,267,"('CADIZ', 'EL CALLAO')"
TABLE BAY,ST HELENA,-33.9,18.4,-16.02,-5.08,263,"('ST HELENA', 'TABLE BAY')"
PLYMOUTH,ST HELENA,50.35,-4.16,-16.02,-5.08,262,"('PLYMOUTH', 'ST HELENA')"
BANJOEWANGIE,TEXEL,-8.2,114.35,52.615,4.175000000000001,256,"('BANJOEWANGIE', 'TEXEL')"
SOERABAIJA,ROTTERDAM,-7.23,112.7,51.0,1.11,256,"('ROTTERDAM', 'SOERABAIJA')"
SOERABAYA,ROTTERDAM,-7.23,112.7,51.0,1.11,255,"('ROTTERDAM', 'SOERABAYA')"
GRAVESEND,JAVA,51.44,0.37,-7.5,110.0,255,"('GRAVESEND', 'JAVA')"
ROCHEFORT,MARTINIQUE,46.515,-1.97,15.65,-61.745000000000005,252,"('MARTINIQUE', 'ROCHEFORT')"
POINT DE GALLE,DOWNS,6.03,80.22,51.2,1.4,251,"('DOWNS', 'POINT DE GALLE')"
BOMBAY,ST HELENA,18.93,72.85,-16.02,-5.08,250,"('BOMBAY', 'ST HELENA')"
SPITHEAD,FORT ST DAVID,50.525000000000006,-1.115,11.77,79.78,250,"('FORT ST DAVID', 'SPITHEAD')"
SURINAME,VLISSINGEN,6.095000000000001,-54.485,51.45,3.58,245,"('SURINAME', 'VLISSINGEN')"
BOMBAY,TABLE BAY,18.93,72.85,-33.9,18.4,241,"('BOMBAY', 'TABLE BAY')"
BARCELONA,CARTAGENA,41.39,2.17,10.4,-75.5,241,"('BARCELONA', 'CARTAGENA')"
MONTEVIDEO,SANTA CATALINA,-34.89,-56.21,-27.62,-48.58,241,"('MONTEVIDEO', 'SANTA CATALINA')"
CÁDIZ,MANILA,36.525000000000006,-6.41,14.15,120.5,240,"('CÁDIZ', 'MANILA')"
MADRAS,UK,13.08,80.27,51.5,-0.1,236,"('MADRAS', 'UK')"
JAVA,TEXEL,-7.5,110.0,52.615,4.175000000000001,233,"('JAVA', 'TEXEL')"
PORTSMOUTH,BOMBAY,50.2,-1.58,18.93,72.85,231,"('BOMBAY', 'PORTSMOUTH')"
MARTINIQUE,BREST,15.65,-61.745000000000005,48.34,-5.385,227,"('BREST', 'MARTINIQUE')"
NEDERLAND,PADANG,52.0,5.0,-1.095,100.375,225,"('NEDERLAND', 'PADANG')"
TABLE BAY,UK,-33.9,18.4,51.5,-0.1,224,"('TABLE BAY', 'UK')"
ST EUSTATIUS,TEXEL,17.5,-62.97,52.615,4.175000000000001,224,"('ST EUSTATIUS', 'TEXEL')"
JAVA HEAD,PORTSMOUTH,-6.75,105.2,50.2,-1.58,223,"('JAVA HEAD', 'PORTSMOUTH')"
JAVA,ROTTERDAM,-7.5,110.0,51.0,1.11,221,"('JAVA', 'ROTTERDAM')"
GRAVESEND,BOMBAY,51.44,0.37,18.93,72.85,220,"('BOMBAY', 'GRAVESEND')"
ROTTERDAM,SURINAME,51.0,1.11,6.095000000000001,-54.485,219,"('ROTTERDAM', 'SURINAME')"
TABLE BAY,DOWNS,-33.9,18.4,51.2,1.4,214,"('DOWNS', 'TABLE BAY')"
GRAVESEND,MADRAS,51.44,0.37,13.08,80.27,212,"('GRAVESEND', 'MADRAS')"
MIDDELBURG,BATAVIA,51.5,3.6,-6.1,106.86,211,"('BATAVIA', 'MIDDELBURG')"
PLYMOUTH,MADEIRA,50.35,-4.16,32.95,-15.88,209,"('MADEIRA', 'PLYMOUTH')"
AMSTERDAM,SPITSBERGEN,52.77,3.97,60.39,5.32,209,"('AMSTERDAM', 'SPITSBERGEN')"
CURACAO,PARAMARIBO,12.21,-68.34,5.83,-55.15,208,"('CURACAO', 'PARAMARIBO')"
JAVA HEAD,GRAVESEND,-6.75,105.2,51.44,0.37,206,"('GRAVESEND', 'JAVA HEAD')"
MADEIRA,MADRAS,32.95,-15.88,13.08,80.27,206,"('MADEIRA', 'MADRAS')"
GOTHENBURG,MACAO,57.71,11.97,22.17,113.54,205,"('GOTHENBURG', 'MACAO')"
NIEUWEDIEP,SURINAME,52.155,3.27,6.095000000000001,-54.485,205,"('NIEUWEDIEP', 'SURINAME')"
LIVERPOOL,BATAVIA,53.2,-4.63,-6.1,106.86,205,"('BATAVIA', 'LIVERPOOL')"
KAAP DE GOEDE HOOP,VLISSINGEN,-34.12,18.23,51.45,3.58,203,"('KAAP DE GOEDE HOOP', 'VLISSINGEN')"
PARAMARIBO,VLISSINGEN,5.83,-55.15,51.45,3.58,203,"('PARAMARIBO', 'VLISSINGEN')"
ELMINA,PARAMARIBO,5.08,-1.34,5.83,-55.15,203,"('ELMINA', 'PARAMARIBO')"
MIDDELBURG,COLOMBO,51.5,3.6,6.91,79.86,201,"('COLOMBO', 'MIDDELBURG')"
SANTA CATALINA,MONTEVIDEO,-27.62,-48.58,-34.89,-56.21,200,"('MONTEVIDEO', 'SANTA CATALINA')"
SURINAME,NIEUWEDIEP,6.095000000000001,-54.485,52.155,3.27,200,"('NIEUWEDIEP', 'SURINAME')"
CÁDIZ,CALLAO DE LIMA,36.525000000000006,-6.41,-12.07,-77.15,199,"('CALLAO DE LIMA', 'CÁDIZ')"
MADRAS,TABLE BAY,13.08,80.27,-33.9,18.4,196,"('MADRAS', 'TABLE BAY')"
FALMOUTH,JAVA,50.15,-5.07,-7.5,110.0,195,"('FALMOUTH', 'JAVA')"
ST THOMAS,BARBADOS,17.96,-65.14500000000001,13.095,-58.93,194,"('BARBADOS', 'ST THOMAS')"
BATAVIA,VLISSINGEN,-6.1,106.86,51.45,3.58,193,"('BATAVIA', 'VLISSINGEN')"
AKIJAB,NIEUWEDIEP,19.87,92.5,52.155,3.27,191,"('AKIJAB', 'NIEUWEDIEP')"
CORK,PENANG VIA FUNCHAL AND TABLE BAY,51.35,-8.815,-33.9,18.4,189,"('CORK', 'PENANG VIA FUNCHAL AND TABLE BAY')"
JAVA HEAD,DOWNS VIA ST HELENA,-6.75,105.2,51.2,1.4,188,"('DOWNS VIA ST HELENA', 'JAVA HEAD')"
ROCHEFORT,LOUISBOURG,46.515,-1.97,46.22,-59.29,187,"('LOUISBOURG', 'ROCHEFORT')"
VERACRUZ,LA HABANA,19.2,-96.1,23.48,-80.91,186,"('LA HABANA', 'VERACRUZ')"
SURINAME,CURACAO,6.095000000000001,-54.485,12.21,-68.34,185,"('CURACAO', 'SURINAME')"
VLISSINGEN,KAAP DE GOEDE HOOP,51.45,3.58,-34.12,18.23,184,"('KAAP DE GOEDE HOOP', 'VLISSINGEN')"
MARTINIQUE,ROCHEFORT,15.65,-61.745000000000005,46.515,-1.97,184,"('MARTINIQUE', 'ROCHEFORT')"
TEXEL,PADANG,52.615,4.175000000000001,-1.095,100.375,182,"('PADANG', 'TEXEL')"
MIDDELBURG,KAAP DE GOEDE HOOP,51.5,3.6,-34.12,18.23,181,"('KAAP DE GOEDE HOOP', 'MIDDELBURG')"
MADRAS,ST HELENA,13.08,80.27,-16.02,-5.08,180,"('MADRAS', 'ST HELENA')"
BATAVIA,MIDDELBURG,-6.1,106.86,51.5,3.6,179,"('BATAVIA', 'MIDDELBURG')"
PORTSMOUTH,CANTON VIA AUSTRALIA,50.2,-1.58,23.13,113.27,178,"('CANTON VIA AUSTRALIA', 'PORTSMOUTH')"
PARAMARIBO,MIDDELBURG,5.83,-55.15,51.5,3.6,177,"('MIDDELBURG', 'PARAMARIBO')"
CALCUTTA,BATAVIA,20.47,87.27,-6.1,106.86,177,"('BATAVIA', 'CALCUTTA')"
ST GEORGE D'ELMINA,SURINAME,5.08,-1.34,6.095000000000001,-54.485,176,"(""ST GEORGE D'ELMINA"", 'SURINAME')"
PADANG,TEXEL,-1.095,100.375,52.615,4.175000000000001,175,"('PADANG', 'TEXEL')"
KAAPSTAD,BATAVIA,-34.68,18.12,-6.1,106.86,174,"('BATAVIA', 'KAAPSTAD')"
GRAVESEND UK,BOMBAY,51.5,-0.1,18.93,72.85,173,"('BOMBAY', 'GRAVESEND UK')"
MACAO,GOTHENBURG,22.17,113.54,57.71,11.97,173,"('GOTHENBURG', 'MACAO')"
LISBON,SPITHEAD,38.68,-9.1,50.525000000000006,-1.115,172,"('LISBON', 'SPITHEAD')"
HELLEVOETSLUIS,ST EUSTACIUS,51.81,4.08,17.5,-62.97,171,"('HELLEVOETSLUIS', 'ST EUSTACIUS')"
CADIZ,LA HABANA,36.53,-6.3,23.48,-80.91,170,"('CADIZ', 'LA HABANA')"
JAVA HEAD,FALMOUTH,-6.75,105.2,50.15,-5.07,170,"('FALMOUTH', 'JAVA HEAD')"
ST HELENA,MADRAS,-16.02,-5.08,13.08,80.27,170,"('MADRAS', 'ST HELENA')"
CAP,BREST,19.74,-72.19,48.34,-5.385,167,"('BREST', 'CAP')"
RAMMEKENS,KAAP DE GOEDE HOOP,51.45,3.65,-34.12,18.23,167,"('KAAP DE GOEDE HOOP', 'RAMMEKENS')"
ROTTERDAM,SPITSBERGEN,51.0,1.11,60.39,5.32,164,"('ROTTERDAM', 'SPITSBERGEN')"
CANTON,GOTHENBURG,19.98,113.85,57.71,11.97,164,"('CANTON', 'GOTHENBURG')"
PORTSMOUTH,BATAVIA,50.2,-1.58,-6.1,106.86,163,"('BATAVIA', 'PORTSMOUTH')"
SPITHEAD,JAMAICA,50.525000000000006,-1.115,18.1,-77.3,161,"('JAMAICA', 'SPITHEAD')"
BREST,LOUISBOURG,48.34,-5.385,46.22,-59.29,159,"('BREST', 'LOUISBOURG')"
GOTHENBURG,CANTON,57.71,11.97,19.98,113.85,158,"('CANTON', 'GOTHENBURG')"
ST HELENA,PLYMOUTH,-16.02,-5.08,50.35,-4.16,158,"('PLYMOUTH', 'ST HELENA')"
RAMMEKENS,COLOMBO,51.45,3.65,6.91,79.86,158,"('COLOMBO', 'RAMMEKENS')"
ROTTERDAM,COLOMBO,51.0,1.11,6.91,79.86,157,"('COLOMBO', 'ROTTERDAM')"
PARAMARIBO,CURACAO,5.83,-55.15,12.21,-68.34,156,"('CURACAO', 'PARAMARIBO')"
MONTEVIDEO,LA HABANA,-34.89,-56.21,23.48,-80.91,156,"('LA HABANA', 'MONTEVIDEO')"
LOUISBOURG,ROCHEFORT,46.22,-59.29,46.515,-1.97,155,"('LOUISBOURG', 'ROCHEFORT')"
MADEIRA,RIO DE JANEIRO,32.95,-15.88,-22.9,-43.16,153,"('MADEIRA', 'RIO DE JANEIRO')"
PORTSMOUTH,ST HELENA,50.2,-1.58,-16.02,-5.08,153,"('PORTSMOUTH', 'ST HELENA')"
FALMOUTH,TABLE BAY,50.15,-5.07,-33.9,18.4,152,"('FALMOUTH', 'TABLE BAY')"
PLYMOUTH,TABLE BAY,50.35,-4.16,-33.9,18.4,152,"('PLYMOUTH', 'TABLE BAY')"
NEDERLAND,ST GEORGE D'ELMINA,52.0,5.0,5.08,-1.34,151,"('NEDERLAND', ""ST GEORGE D'ELMINA"")"
PENANG,DOWNS VIA ST HELENA,5.42,100.32,51.2,1.4,151,"('DOWNS VIA ST HELENA', 'PENANG')"
TABLE BAY,LISBON,-33.9,18.4,38.68,-9.1,151,"('LISBON', 'TABLE BAY')"
CURAÇAO,SURINAME,12.34,-68.5,6.095000000000001,-54.485,150,"('CURAÇAO', 'SURINAME')"
KAAP DE GOEDE HOOP,HELLEVOETSLUIS,-34.12,18.23,51.81,4.08,150,"('HELLEVOETSLUIS', 'KAAP DE GOEDE HOOP')"
PORTSMOUTH,MADRAS VIA JOHANNA,50.2,-1.58,13.08,80.27,147,"('MADRAS VIA JOHANNA', 'PORTSMOUTH')"
CURACAO,ROTTERDAM,12.21,-68.34,51.0,1.11,147,"('CURACAO', 'ROTTERDAM')"
JAVA,UK,-7.5,110.0,51.5,-0.1,146,"('JAVA', 'UK')"
HELLEVOETSLUIS,SIMONSBAAI,51.81,4.08,-34.53,18.6,146,"('HELLEVOETSLUIS', 'SIMONSBAAI')"
TEXEL,CURACAO,52.615,4.175000000000001,12.21,-68.34,146,"('CURACAO', 'TEXEL')"
TABLE BAY,MAURITIUS,-33.9,18.4,-20.17,57.5,146,"('MAURITIUS', 'TABLE BAY')"
CALLAO,CADIZ,-12.08,-77.93,36.53,-6.3,145,"('CADIZ', 'CALLAO')"
CARTAGENA,CÁDIZ,10.4,-75.5,36.525000000000006,-6.41,145,"('CARTAGENA', 'CÁDIZ')"
DOWNS,ST HELENA,51.2,1.4,-16.02,-5.08,144,"('DOWNS', 'ST HELENA')"
CALCUTTA,SPITHEAD,20.47,87.27,50.525000000000006,-1.115,144,"('CALCUTTA', 'SPITHEAD')"
BATAVIA,CADIZ,-6.1,106.86,36.53,-6.3,144,"('BATAVIA', 'CADIZ')"
SOERABAYA,LISSABON,-7.23,112.7,39.0,-9.65,143,"('LISSABON', 'SOERABAYA')"
PORTO PRAYA,"PORT EGMONT, FALKLAND ISLANDS",14.92,-23.52,-51.8,-59.0,143,"('PORT EGMONT, FALKLAND ISLANDS', 'PORTO PRAYA')"
FERDINANDO LORONHO,UK,-3.85,-32.42,51.5,-0.1,143,"('FERDINANDO LORONHO', 'UK')"
MADRAS,DOWNS,13.08,80.27,51.2,1.4,143,"('DOWNS', 'MADRAS')"
MADRAS,BOMBAY,13.08,80.27,18.93,72.85,143,"('BOMBAY', 'MADRAS')"
CURACAO,ST EUSTATIUS,12.21,-68.34,17.5,-62.97,142,"('CURACAO', 'ST EUSTATIUS')"
PLYMOUTH,RIO DE JANEIRO,50.35,-4.16,-22.9,-43.16,142,"('PLYMOUTH', 'RIO DE JANEIRO')"
AMSTERDAM,CURACAO,52.77,3.97,12.21,-68.34,141,"('AMSTERDAM', 'CURACAO')"
CADIZ,EL CALLAO,36.53,-6.3,-12.03,-77.16,141,"('CADIZ', 'EL CALLAO')"
TEXEL,JAVA,52.615,4.175000000000001,-7.5,110.0,140,"('JAVA', 'TEXEL')"
CÁDIZ,PUERTO RICO,36.525000000000006,-6.41,18.48,-66.13,140,"('CÁDIZ', 'PUERTO RICO')"
AMSTERDAM,SURINAME,52.77,3.97,6.095000000000001,-54.485,140,"('AMSTERDAM', 'SURINAME')"
NIEUWEDIEP,AKIJAB,52.155,3.27,19.87,92.5,139,"('AKIJAB', 'NIEUWEDIEP')"
PORTSMOUTH,PENANG VIA ST HELENA,50.2,-1.58,5.42,100.32,139,"('PENANG VIA ST HELENA', 'PORTSMOUTH')"
CEYLON,TEXEL,6.85,82.1,52.615,4.175000000000001,138,"('CEYLON', 'TEXEL')"
BATAVIA,SIMONSBAAI,-6.1,106.86,-34.53,18.6,138,"('BATAVIA', 'SIMONSBAAI')"
AXIM,PARAMARIBO,4.86,-2.25,5.83,-55.15,138,"('AXIM', 'PARAMARIBO')"
PLYMOUTH,CALCUTTA,50.35,-4.16,20.47,87.27,138,"('CALCUTTA', 'PLYMOUTH')"
CADIZ,EL CALLAO - LIMA,36.53,-6.3,-12.07,-77.15,136,"('CADIZ', 'EL CALLAO - LIMA')"
BATAVIA,NIEUW DIEP,-6.1,106.86,52.58,4.25,135,"('BATAVIA', 'NIEUW DIEP')"
LIMA,CÁDIZ,-12.04,-77.03,36.525000000000006,-6.41,135,"('CÁDIZ', 'LIMA')"
PADANG,NEDERLAND,-1.095,100.375,52.0,5.0,134,"('NEDERLAND', 'PADANG')"
TIMOR,DOWNS,-8.56,125.57,51.2,1.4,134,"('DOWNS', 'TIMOR')"
ST HELENA,DOWNS UK,-16.02,-5.08,51.2,1.4,134,"('DOWNS UK', 'ST HELENA')"
SAN SEBASTIAN,BATAVIA,-23.8,-45.6,-6.1,106.86,133,"('BATAVIA', 'SAN SEBASTIAN')"
SPITHEAD,GIBRALTAR,50.525000000000006,-1.115,36.19,-5.21,133,"('GIBRALTAR', 'SPITHEAD')"
PENANG,DOWNS,5.42,100.32,51.2,1.4,132,"('DOWNS', 'PENANG')"
JAVA HEAD,BRISTOL CHANNEL,-6.75,105.2,51.45,-2.58,132,"('BRISTOL CHANNEL', 'JAVA HEAD')"
JAVA,SPITHEAD,-7.5,110.0,50.525000000000006,-1.115,132,"('JAVA', 'SPITHEAD')"
CANTON,TEXEL,19.98,113.85,52.615,4.175000000000001,132,"('CANTON', 'TEXEL')"
SURINAME,HELLEVOETSLUIS,6.095000000000001,-54.485,51.81,4.08,132,"('HELLEVOETSLUIS', 'SURINAME')"
BRAMSPUNT,MIDDELBURG,6.07,-55.17,51.5,3.6,131,"('BRAMSPUNT', 'MIDDELBURG')"
PLYMOUTH,PENANG (VIA FUNCHAL),50.35,-4.16,5.42,100.32,131,"('PENANG (VIA FUNCHAL)', 'PLYMOUTH')"
SURINAME,ROTTERDAM,6.095000000000001,-54.485,51.0,1.11,131,"('ROTTERDAM', 'SURINAME')"
HARTLEPOOL,CHINA,54.38,0.4,31.2,121.5,131,"('CHINA', 'HARTLEPOOL')"
RIO DE JANEIRO,ANTWERPEN,-22.9,-43.16,51.22,4.4,131,"('ANTWERPEN', 'RIO DE JANEIRO')"
HARTLEPOOL,BATAVIA,54.38,0.4,-6.1,106.86,131,"('BATAVIA', 'HARTLEPOOL')"
BOMBAY,DOWNS,18.93,72.85,51.2,1.4,130,"('BOMBAY', 'DOWNS')"
MIDDELBURG,CABO DE GOEDE HOOP,51.5,3.6,-34.06,18.15,130,"('CABO DE GOEDE HOOP', 'MIDDELBURG')"
BATAVIA,FALMOUTH,-6.1,106.86,50.15,-5.07,130,"('BATAVIA', 'FALMOUTH')"
MIDDELBURG,RIO BERBICE,51.5,3.6,6.3,-57.5,129,"('MIDDELBURG', 'RIO BERBICE')"
GUADELOUPE,BREST,16.25,-61.58,48.34,-5.385,129,"('BREST', 'GUADELOUPE')"
CURACAO,NIEUWEDIEP,12.21,-68.34,52.155,3.27,129,"('CURACAO', 'NIEUWEDIEP')"
DOVER,MADRAS,51.48,1.52,13.08,80.27,129,"('DOVER', 'MADRAS')"
CURACAO,ST EUSTACIUS,12.21,-68.34,17.5,-62.97,128,"('CURACAO', 'ST EUSTACIUS')"
MANILA,EL CALLAO,14.15,120.5,-12.03,-77.16,128,"('EL CALLAO', 'MANILA')"
SPITHEAD,PENANG VIA SIMONS BAY,50.525000000000006,-1.115,5.42,100.32,128,"('PENANG VIA SIMONS BAY', 'SPITHEAD')"
BALI (JAVA),UK,-7.5,110.0,51.5,-0.1,127,"('BALI (JAVA)', 'UK')"
PADANG,HELLEVOETSLUIS,-1.095,100.375,51.81,4.08,127,"('HELLEVOETSLUIS', 'PADANG')"
CADIZ,MANILA,36.53,-6.3,14.15,120.5,127,"('CADIZ', 'MANILA')"
PORT LOUIS,HELLEVOETSLUIS,-20.17,57.5,51.81,4.08,127,"('HELLEVOETSLUIS', 'PORT LOUIS')"
JAVA HEAD VIA ST HELENA,DOWNS UK,-6.75,105.2,51.2,1.4,126,"('DOWNS UK', 'JAVA HEAD VIA ST HELENA')"
CAPE COAST,BARBADOS,5.1,-1.25,13.095,-58.93,126,"('BARBADOS', 'CAPE COAST')"
PORT EGMONT,SANDWICH ISLANDS,-51.7,-57.85,21.3,-157.8,125,"('PORT EGMONT', 'SANDWICH ISLANDS')"
JAMAICA,DOWNS,18.1,-77.3,51.2,1.4,125,"('DOWNS', 'JAMAICA')"
SOERABAJA,ROTTERDAM,-7.23,112.7,51.0,1.11,125,"('ROTTERDAM', 'SOERABAJA')"
JAVA,NIEUWEDIEP,-7.5,110.0,52.155,3.27,124,"('JAVA', 'NIEUWEDIEP')"
CADIZ,SPITHEAD,36.53,-6.3,50.525000000000006,-1.115,124,"('CADIZ', 'SPITHEAD')"
MADEIRA,BOMBAY HARBOUR,32.95,-15.88,18.93,72.85,124,"('BOMBAY HARBOUR', 'MADEIRA')"
RIO DE JANEIRO,VLISSINGEN,-22.9,-43.16,51.45,3.58,124,"('RIO DE JANEIRO', 'VLISSINGEN')"
FALMOUTH,MADRAS,50.15,-5.07,13.08,80.27,123,"('FALMOUTH', 'MADRAS')"
SPITHEAD,MALDONADO,50.525000000000006,-1.115,-34.92,-54.96,123,"('MALDONADO', 'SPITHEAD')"
NEDERLAND,PARAMARIBO,52.0,5.0,5.83,-55.15,123,"('NEDERLAND', 'PARAMARIBO')"
CURACAO,MIDDELBURG,12.21,-68.34,51.5,3.6,122,"('CURACAO', 'MIDDELBURG')"
HELLEVOETSLUIS,ST EUSTATIUS,51.81,4.08,17.5,-62.97,122,"('HELLEVOETSLUIS', 'ST EUSTATIUS')"
MACAO,ST HELENA,22.17,113.54,-16.02,-5.08,121,"('MACAO', 'ST HELENA')"
NIEUWE DIEP,JAVA,52.77,4.42,-7.5,110.0,121,"('JAVA', 'NIEUWE DIEP')"
DOWNS,COLOMBO,51.2,1.4,6.91,79.86,120,"('COLOMBO', 'DOWNS')"
EL FERROL,MONTEVIDEO,43.0,-9.5,-34.89,-56.21,120,"('EL FERROL', 'MONTEVIDEO')"
JAVA HEAD,SPITHEAD,-6.75,105.2,50.525000000000006,-1.115,120,"('JAVA HEAD', 'SPITHEAD')"
SPITHEAD,BOMBAY,50.525000000000006,-1.115,18.93,72.85,120,"('BOMBAY', 'SPITHEAD')"
SOERABAYA,NIEUWEDIEP,-7.23,112.7,52.155,3.27,120,"('NIEUWEDIEP', 'SOERABAYA')"
BATAVIA,PLYMOUTH,-6.1,106.86,50.35,-4.16,120,"('BATAVIA', 'PLYMOUTH')"
DOWNS,MALACCA,51.2,1.4,2.17,102.24,119,"('DOWNS', 'MALACCA')"
PORT ROYAL JAMAICA,PLYMOUTH,18.1,-77.3,50.35,-4.16,119,"('PLYMOUTH', 'PORT ROYAL JAMAICA')"
DESCONOCIDO (CREO QUE ACAPULCO),SAN BLAS,16.85,-99.9,21.9,-106.96,118,"('DESCONOCIDO (CREO QUE ACAPULCO)', 'SAN BLAS')"
JAVA,BROUWERSHAVEN,-7.5,110.0,51.75,3.9,118,"('BROUWERSHAVEN', 'JAVA')"
SPITHEAD,PORT ROYAL,50.525000000000006,-1.115,17.94,-76.84,118,"('PORT ROYAL', 'SPITHEAD')"
PUNTO GALE,NEDERLAND,6.02,80.22,52.0,5.0,118,"('NEDERLAND', 'PUNTO GALE')"
HELLEVOETSLUIS,KAAP DE GOEDE HOOP,51.81,4.08,-34.12,18.23,118,"('HELLEVOETSLUIS', 'KAAP DE GOEDE HOOP')"
DOWNS UK,PENANG,51.2,1.4,5.42,100.32,117,"('DOWNS UK', 'PENANG')"
NEDERLAND,ELMINA,52.0,5.0,5.08,-1.34,117,"('ELMINA', 'NEDERLAND')"
DOWNS,CALCUTTA,51.2,1.4,20.47,87.27,117,"('CALCUTTA', 'DOWNS')"
SPITHEAD,MOCHA,50.525000000000006,-1.115,13.32,43.25,116,"('MOCHA', 'SPITHEAD')"
"PORT ROYAL, JAMAICA",SPITHEAD,18.1,-77.3,50.525000000000006,-1.115,116,"('PORT ROYAL, JAMAICA', 'SPITHEAD')"
RIO DE JANEIRO,"COLOMBO, CEYLON",-22.9,-43.16,7.0,80.0,116,"('COLOMBO, CEYLON', 'RIO DE JANEIRO')"
SANTA CRUZ,TAFELBAAI,28.45,-16.25,-34.225,18.175,116,"('SANTA CRUZ', 'TAFELBAAI')"
UK,JAVA (XMAS ISLAND),51.5,-0.1,-7.5,110.0,115,"('JAVA (XMAS ISLAND)', 'UK')"
BANJOEWANGIE,BROUWERSHAVEN,-8.2,114.35,51.75,3.9,115,"('BANJOEWANGIE', 'BROUWERSHAVEN')"
CHARILLO,SOERABAYA,-12.67,-77.06,-7.23,112.7,115,"('CHARILLO', 'SOERABAYA')"
GALLE,ROTTERDAM,6.0,80.2,51.0,1.11,115,"('GALLE', 'ROTTERDAM')"
HELLEVOETSLUIS,CURACAO,51.81,4.08,12.21,-68.34,114,"('CURACAO', 'HELLEVOETSLUIS')"
JAVA,VLISSINGEN,-7.5,110.0,51.45,3.58,114,"('JAVA', 'VLISSINGEN')"
DOWNS,PENANG VIA ST HELENA,51.2,1.4,5.42,100.32,114,"('DOWNS', 'PENANG VIA ST HELENA')"
BATAVIA,NIEUWENDIEP,-6.1,106.86,52.28,3.28,113,"('BATAVIA', 'NIEUWENDIEP')"
SPITHEAD,SUMBA (OFF JAVA),50.525000000000006,-1.115,-7.5,110.0,113,"('SPITHEAD', 'SUMBA (OFF JAVA)')"
NIEUWEDIEP,SAMARANG,52.155,3.27,-6.65,110.32,113,"('NIEUWEDIEP', 'SAMARANG')"
MADEIRA,BARBADOS,32.95,-15.88,13.095,-58.93,112,"('BARBADOS', 'MADEIRA')"
FERROL,BREST,43.6,-8.65,48.34,-5.385,112,"('BREST', 'FERROL')"
MONTEVIDEO,VALPARAISO,-34.89,-56.21,-33.08,-71.67,111,"('MONTEVIDEO', 'VALPARAISO')"
COLOMBO,BATAVIA,6.91,79.86,-6.1,106.86,111,"('BATAVIA', 'COLOMBO')"
HELLEVOETSLUIS,KAAPSTAD,51.81,4.08,-34.68,18.12,111,"('HELLEVOETSLUIS', 'KAAPSTAD')"
SPITSBERGEN,ROTTERDAM,60.39,5.32,51.0,1.11,110,"('ROTTERDAM', 'SPITSBERGEN')"
TRINCOMALEE,SPITHEAD,8.57,81.22,50.525000000000006,-1.115,110,"('SPITHEAD', 'TRINCOMALEE')"
ST HELENA,HELLEVOETSLUIS,-16.02,-5.08,51.81,4.08,109,"('HELLEVOETSLUIS', 'ST HELENA')"
SURINAME,AMSTERDAM,6.095000000000001,-54.485,52.77,3.97,109,"('AMSTERDAM', 'SURINAME')"
PRINCE OF WALES ISLAND (PENANG),GRAVESEND,5.42,100.32,51.44,0.37,109,"('GRAVESEND', 'PRINCE OF WALES ISLAND (PENANG)')"
PORTSMOUTH,ANJER ROAD JAVA,50.2,-1.58,-7.5,110.0,109,"('ANJER ROAD JAVA', 'PORTSMOUTH')"
TRINCOMALEE,LISBON,8.57,81.22,38.68,-9.1,107,"('LISBON', 'TRINCOMALEE')"
NIEUWENDIEP,BATAVIA,52.28,3.28,-6.1,106.86,107,"('BATAVIA', 'NIEUWENDIEP')"
TAFELBAAI,CORK,-34.225,18.175,51.35,-8.815,107,"('CORK', 'TAFELBAAI')"
DOWNS,JAVA HEAD,51.2,1.4,-6.75,105.2,107,"('DOWNS', 'JAVA HEAD')"
PLYMOUTH,ST AUGUSTINES,50.35,-4.16,-23.4,43.66,106,"('PLYMOUTH', 'ST AUGUSTINES')"
ST HELENA,TEXEL,-16.02,-5.08,52.615,4.175000000000001,105,"('ST HELENA', 'TEXEL')"
RAMMEKENS,SIMONSBAAI,51.45,3.65,-34.53,18.6,105,"('RAMMEKENS', 'SIMONSBAAI')"
NIEUWE DIEP,BATAVIA,52.77,4.42,-6.1,106.86,105,"('BATAVIA', 'NIEUWE DIEP')"
CORK,TRINCOMALEE VIA FUNCHAL,51.35,-8.815,8.58,81.23,104,"('CORK', 'TRINCOMALEE VIA FUNCHAL')"
VLISSINGEN,SURINAME,51.45,3.58,6.095000000000001,-54.485,104,"('SURINAME', 'VLISSINGEN')"
MONTAGUE ISLE,SANDWICH ISLANDS,59.7,-148.4,21.3,-157.8,104,"('MONTAGUE ISLE', 'SANDWICH ISLANDS')"
BARBADOS,UK,13.095,-58.93,51.5,-0.1,102,"('BARBADOS', 'UK')"
LE HAVRE,NEW YORK,49.49,0.11,40.75,-73.97,102,"('LE HAVRE', 'NEW YORK')"
TEXEL,PARAMARIBO,52.615,4.175000000000001,5.83,-55.15,102,"('PARAMARIBO', 'TEXEL')"
BREST,FORT ROYAL,48.34,-5.385,14.59,-61.07,102,"('BREST', 'FORT ROYAL')"
BATAVIA,UK,-6.1,106.86,51.5,-0.1,102,"('BATAVIA', 'UK')"
BATAVIA,PARAMARIBO,-6.1,106.86,5.83,-55.15,102,"('BATAVIA', 'PARAMARIBO')"
SURINAME,TEXEL,6.095000000000001,-54.485,52.615,4.175000000000001,101,"('SURINAME', 'TEXEL')"
LIMA (PISCO),CORK,-12.04,-77.03,51.35,-8.815,101,"('CORK', 'LIMA (PISCO)')"
CÁDIZ,SANTA CATALINA,36.525000000000006,-6.41,-27.62,-48.58,100,"('CÁDIZ', 'SANTA CATALINA')"
AMSTERDAM,ST GEORGE D'ELMINAR,52.77,3.97,5.08,-1.35,100,"('AMSTERDAM', ""ST GEORGE D'ELMINAR"")"
NIEUWEDIEP,JAVA,52.155,3.27,-7.5,110.0,100,"('JAVA', 'NIEUWEDIEP')"
DOWNS,CHINA,51.2,1.4,31.2,121.5,100,"('CHINA', 'DOWNS')"
MONTEREY,LA CÔTE DE CHINE,36.66,-121.9,22.17,114.81,100,"('LA CÔTE DE CHINE', 'MONTEREY')"
CALCUTTA,TABLE BAY,20.47,87.27,-33.9,18.4,100,"('CALCUTTA', 'TABLE BAY')"
CAP,ROCHEFORT,19.74,-72.19,46.515,-1.97,99,"('CAP', 'ROCHEFORT')"
LIVERPOOL,PORT PHILIP,53.2,-4.63,-37.9,144.9,99,"('LIVERPOOL', 'PORT PHILIP')"
BOMBAY,PLYMOUTH,18.93,72.85,50.35,-4.16,99,"('BOMBAY', 'PLYMOUTH')"
VLISSINGEN,CURACAO,51.45,3.58,12.21,-68.34,99,"('CURACAO', 'VLISSINGEN')"
NIEUWEDIEP,PADANG,52.155,3.27,-1.095,100.375,98,"('NIEUWEDIEP', 'PADANG')"
KAAP DE GOEDE HOOP,AMSTERDAM,-34.12,18.23,52.77,3.97,98,"('AMSTERDAM', 'KAAP DE GOEDE HOOP')"
ST KITTS,SPITHEAD,17.3,-62.73,50.525000000000006,-1.115,98,"('SPITHEAD', 'ST KITTS')"
FALMOUTH,ST AUGUSTINES,50.15,-5.07,-23.4,43.66,98,"('FALMOUTH', 'ST AUGUSTINES')"
CURAÇAO,VLISSINGEN,12.34,-68.5,51.45,3.58,97,"('CURAÇAO', 'VLISSINGEN')"
MADEIRA,ZANZIBAR,32.95,-15.88,-6.16,39.19,97,"('MADEIRA', 'ZANZIBAR')"
ST CATHERINE,TALCAGUANA,-27.35,-47.67,-36.76,-73.17,97,"('ST CATHERINE', 'TALCAGUANA')"
HELLEVOETSLUIS,TAFELBAAI,51.81,4.08,-34.225,18.175,96,"('HELLEVOETSLUIS', 'TAFELBAAI')"
ISLE D'AIX,LOUISBOURG,46.58,-4.67,46.22,-59.29,96,"(""ISLE D'AIX"", 'LOUISBOURG')"
KAAP DE GOEDE HOOP,TEXEL,-34.12,18.23,52.615,4.175000000000001,96,"('KAAP DE GOEDE HOOP', 'TEXEL')"
SPITHEAD,ANTIGUA,50.525000000000006,-1.115,17.12,-61.85,95,"('ANTIGUA', 'SPITHEAD')"
VLISSINGEN,CABO DE GOEDE HOOP,51.45,3.58,-34.06,18.15,95,"('CABO DE GOEDE HOOP', 'VLISSINGEN')"
PENANG,ST HELENA,5.42,100.32,-16.02,-5.08,95,"('PENANG', 'ST HELENA')"
SAO TOME,VLISSINGEN,0.33,6.74,51.45,3.58,95,"('SAO TOME', 'VLISSINGEN')"
BUENOS AIRES,LA CORUÑA,-34.63,-58.33,43.36,-8.36,94,"('BUENOS AIRES', 'LA CORUÑA')"
MIDDELBURG,ELMINA,51.5,3.6,5.08,-1.34,94,"('ELMINA', 'MIDDELBURG')"
ST EUSTACIUS,SURINAME,17.5,-62.97,6.095000000000001,-54.485,93,"('ST EUSTACIUS', 'SURINAME')"
BOMBAY,MADRAS,18.93,72.85,13.08,80.27,93,"('BOMBAY', 'MADRAS')"
FALMOUTH,BARBADOS,50.15,-5.07,13.095,-58.93,93,"('BARBADOS', 'FALMOUTH')"
PORT EGMONT,SPITHEAD,-51.7,-57.85,50.525000000000006,-1.115,92,"('PORT EGMONT', 'SPITHEAD')"
NEDERLAND,RIO DE JANEIRO,52.0,5.0,-22.9,-43.16,92,"('NEDERLAND', 'RIO DE JANEIRO')"
SPITHEAD,JOHANNA,50.525000000000006,-1.115,-12.13,44.4,92,"('JOHANNA', 'SPITHEAD')"
ANTWERPEN,RIO DE JANEIRO,51.22,4.4,-22.9,-43.16,92,"('ANTWERPEN', 'RIO DE JANEIRO')"
ST EUSTATIUS,MIDDELBURG,17.5,-62.97,51.5,3.6,91,"('MIDDELBURG', 'ST EUSTATIUS')"
SOERABAJA,NEDERLAND,-7.23,112.7,52.0,5.0,91,"('NEDERLAND', 'SOERABAJA')"
NEDERLAND,MONTEVIDEO,52.0,5.0,-34.89,-56.21,91,"('MONTEVIDEO', 'NEDERLAND')"
SPITHEAD,TRINCOMALEE,50.525000000000006,-1.115,8.57,81.22,90,"('SPITHEAD', 'TRINCOMALEE')"
BATAVIA,NAGASAKI,-6.1,106.86,32.75,129.88,90,"('BATAVIA', 'NAGASAKI')"
PLYMOUTH,BOMBAY,50.35,-4.16,18.93,72.85,90,"('BOMBAY', 'PLYMOUTH')"
SAMARANG,TEXEL,-6.65,110.32,52.615,4.175000000000001,89,"('SAMARANG', 'TEXEL')"
MONTEVIDEO,SPITHEAD,-34.89,-56.21,50.525000000000006,-1.115,89,"('MONTEVIDEO', 'SPITHEAD')"
EL CALLAO,RIO DE JANEIRO,-12.03,-77.16,-22.9,-43.16,89,"('EL CALLAO', 'RIO DE JANEIRO')"
BARBADOS,SPITHEAD,13.095,-58.93,50.525000000000006,-1.115,88,"('BARBADOS', 'SPITHEAD')"
PORT JACKSON AUSTRALIA,ST HELENA,-25.0,135.0,-16.02,-5.08,88,"('PORT JACKSON AUSTRALIA', 'ST HELENA')"
GIBRALTAR,SPITHEAD,36.19,-5.21,50.525000000000006,-1.115,87,"('GIBRALTAR', 'SPITHEAD')"
CÁDIZ,LA HABANA,36.525000000000006,-6.41,23.48,-80.91,87,"('CÁDIZ', 'LA HABANA')"
ST JAGO,ST HELENA,14.92,-23.52,-16.02,-5.08,87,"('ST HELENA', 'ST JAGO')"
PLYMOUTH,JAMAICA,50.35,-4.16,18.1,-77.3,87,"('JAMAICA', 'PLYMOUTH')"
RIO DE JANEIRO,PORT JACKSON AUSTRALIA,-22.9,-43.16,-25.0,135.0,87,"('PORT JACKSON AUSTRALIA', 'RIO DE JANEIRO')"
PORT ROYAL,SPITHEAD,17.94,-76.84,50.525000000000006,-1.115,86,"('PORT ROYAL', 'SPITHEAD')"
LISBON,PLYMOUTH,38.68,-9.1,50.35,-4.16,86,"('LISBON', 'PLYMOUTH')"
NEDERLAND,SIMONSBAAI,52.0,5.0,-34.53,18.6,85,"('NEDERLAND', 'SIMONSBAAI')"
TEXEL,SAN SEBASTIAN,52.615,4.175000000000001,-23.8,-45.6,85,"('SAN SEBASTIAN', 'TEXEL')"
KAAPSTAD,BERGEN,-34.68,18.12,60.4,5.3,85,"('BERGEN', 'KAAPSTAD')"
PLYMOUTH,HALIFAX (CHABUKTA HARBOUR),50.35,-4.16,51.5,-0.1,84,"('HALIFAX (CHABUKTA HARBOUR)', 'PLYMOUTH')"
PLYMOUTH,MAURITIUS,50.35,-4.16,-20.17,57.5,84,"('MAURITIUS', 'PLYMOUTH')"
DOWNS UK,JAVA HEAD,51.2,1.4,-6.75,105.2,84,"('DOWNS UK', 'JAVA HEAD')"
CURACAO,SURINAME,12.21,-68.34,6.095000000000001,-54.485,84,"('CURACAO', 'SURINAME')"
RIO BERBICE,MIDDELBURG,6.3,-57.5,51.5,3.6,83,"('MIDDELBURG', 'RIO BERBICE')"
MALACCA,ST HELENA,2.17,102.24,-16.02,-5.08,83,"('MALACCA', 'ST HELENA')"
HELLEVOETSLUIS,BUENOS AIRES,51.81,4.08,-34.63,-58.33,83,"('BUENOS AIRES', 'HELLEVOETSLUIS')"
SURINAME,LISSABON,6.095000000000001,-54.485,39.0,-9.65,82,"('LISSABON', 'SURINAME')"
ST EUSTATIUS,CURACAO,17.5,-62.97,12.21,-68.34,82,"('CURACAO', 'ST EUSTATIUS')"
CURAÇAO,NEDERLAND,12.34,-68.5,52.0,5.0,81,"('CURAÇAO', 'NEDERLAND')"
AMSTERDAM,KAAPSTAD,52.77,3.97,-34.68,18.12,81,"('AMSTERDAM', 'KAAPSTAD')"
FALMOUTH,DEMERARA,50.15,-5.07,6.8,-58.15,81,"('DEMERARA', 'FALMOUTH')"
SIMONSBAAI,PUNTO GALLE,-34.53,18.6,6.03,80.22,81,"('PUNTO GALLE', 'SIMONSBAAI')"
BATAVIA,BAIJ VAN DILAGOA,-6.1,106.86,-26.0,32.75,81,"('BAIJ VAN DILAGOA', 'BATAVIA')"
ROTTERDAM,NEW YORK,51.0,1.11,40.75,-73.97,80,"('NEW YORK', 'ROTTERDAM')"
RIO DE JANEIRO,RIO DE LA PLATA,-22.9,-43.16,-35.0,-54.78,80,"('RIO DE JANEIRO', 'RIO DE LA PLATA')"
BATAVIA,SAN FRANCISCO,-6.1,106.86,37.5,-122.68,80,"('BATAVIA', 'SAN FRANCISCO')"
VLISSINGEN,TAFELBAAI,51.45,3.58,-34.225,18.175,80,"('TAFELBAAI', 'VLISSINGEN')"
NEDERLAND,KAAP DE GOEDE HOOP,52.0,5.0,-34.12,18.23,80,"('KAAP DE GOEDE HOOP', 'NEDERLAND')"
CARLISLE BAY FALKLAND ISLANDS,PLYMOUTH,-51.8,-59.0,50.35,-4.16,80,"('CARLISLE BAY FALKLAND ISLANDS', 'PLYMOUTH')"
BREST,CAP,48.34,-5.385,19.74,-72.19,79,"('BREST', 'CAP')"
SIMONSBAAI,HELLEVOETSLUIS,-34.53,18.6,51.81,4.08,78,"('HELLEVOETSLUIS', 'SIMONSBAAI')"
ST GEORGE D'ELMINA,NIEUWE DIEP,5.08,-1.34,52.77,4.42,78,"('NIEUWE DIEP', ""ST GEORGE D'ELMINA"")"
SURINAME,BERGEN (NORWAY),6.095000000000001,-54.485,60.39,5.32,78,"('BERGEN (NORWAY)', 'SURINAME')"
CAYENNE,BERGEN (NORWAY),4.845000000000001,-52.175,60.39,5.32,78,"('BERGEN (NORWAY)', 'CAYENNE')"
SURINAME,BERGEN,6.095000000000001,-54.485,60.4,5.3,78,"('BERGEN', 'SURINAME')"
"ST THOMAS, GULF OF GUINEA",SPITHEAD,18.34,-64.93,50.525000000000006,-1.115,77,"('SPITHEAD', 'ST THOMAS, GULF OF GUINEA')"
MONTEVIDEO,CALLAO (LIMA),-34.89,-56.21,-12.07,-77.15,76,"('CALLAO (LIMA)', 'MONTEVIDEO')"
MADRAS,"MAURITIUS, BATAVIA",13.08,80.27,-20.2,57.5,76,"('MADRAS', 'MAURITIUS, BATAVIA')"
TABLE BAY TOWARDS MADAGASCAR,TABLE BAY,-33.9,18.4,-33.9,18.4,76,"('TABLE BAY', 'TABLE BAY TOWARDS MADAGASCAR')"
PORT LOUIS,TABLE BAY,-20.17,57.5,-33.9,18.4,76,"('PORT LOUIS', 'TABLE BAY')"
ASCENSION,SPITHEAD,-7.95,-14.37,50.525000000000006,-1.115,76,"('ASCENSION', 'SPITHEAD')"
KAAP DE GOEDE HOOP,NEDERLAND,-34.12,18.23,52.0,5.0,75,"('KAAP DE GOEDE HOOP', 'NEDERLAND')"
TRINCOMALEE,TABLE BAY,8.57,81.22,-33.9,18.4,75,"('TABLE BAY', 'TRINCOMALEE')"
PORT ROYAL,LEITH,17.94,-76.84,55.98,-3.17,75,"('LEITH', 'PORT ROYAL')"
CAVITÉ,TERNAL,14.5,120.92,45.22,137.48,75,"('CAVITÉ', 'TERNAL')"
TEXEL,ST EUSTATIUS,52.615,4.175000000000001,17.5,-62.97,75,"('ST EUSTATIUS', 'TEXEL')"
TAFELBAAI,TEXEL,-34.225,18.175,52.615,4.175000000000001,75,"('TAFELBAAI', 'TEXEL')"
CADIZ,CAVITE,36.53,-6.3,14.5,120.92,75,"('CADIZ', 'CAVITE')"
EL FERROL,RIO DE LA PLATA,43.0,-9.5,-35.0,-54.78,75,"('EL FERROL', 'RIO DE LA PLATA')"
ST GEORGE D'ELMINA,FORT AMSTERDAM,5.08,-1.34,6.05,-54.73,75,"('FORT AMSTERDAM', ""ST GEORGE D'ELMINA"")"
MANILLA,BATAVIA,14.65,119.62,-6.1,106.86,74,"('BATAVIA', 'MANILLA')"
TABLE BAY,DOWNS UK,-33.9,18.4,51.2,1.4,74,"('DOWNS UK', 'TABLE BAY')"
ST THOMAS (SAO TOME),PLYMOUTH,18.34,-64.93,50.35,-4.16,74,"('PLYMOUTH', 'ST THOMAS (SAO TOME)')"
NEW YORK,BUENOS AIRES,40.75,-73.97,-34.63,-58.33,74,"('BUENOS AIRES', 'NEW YORK')"
SPITHEAD,HAMOZE UK,50.525000000000006,-1.115,51.5,-0.1,74,"('HAMOZE UK', 'SPITHEAD')"
BASSE TERRE,BREST,16.23,-61.53,48.34,-5.385,74,"('BASSE TERRE', 'BREST')"
LA CORUÑA,PUERTO DE BRESTE,43.36,-8.36,48.4,-4.5,74,"('LA CORUÑA', 'PUERTO DE BRESTE')"
BASSE TERRE,SPITHEAD,16.23,-61.53,50.525000000000006,-1.115,74,"('BASSE TERRE', 'SPITHEAD')"
FORT ST DAVIDS ROAD,ST HELLENA,11.77,79.8,-15.95,-5.72,73,"('FORT ST DAVIDS ROAD', 'ST HELLENA')"
BAHIA DE TODOS LOS SANTOS,BATAVIA,-13.07,-38.48,-6.1,106.86,73,"('BAHIA DE TODOS LOS SANTOS', 'BATAVIA')"
MADEIRA,ANTIGUA,32.95,-15.88,17.12,-61.85,72,"('ANTIGUA', 'MADEIRA')"
BREST,LA MARTINIQUE,48.34,-5.385,14.64,-61.02,72,"('BREST', 'LA MARTINIQUE')"
NIEUWEDIEP,KAAP DE GOEDE HOOP,52.155,3.27,-34.12,18.23,72,"('KAAP DE GOEDE HOOP', 'NIEUWEDIEP')"
CAPE COMERIN,ST HELENA,8.06,77.55,-16.02,-5.08,71,"('CAPE COMERIN', 'ST HELENA')"
PORTSMOUTH,RIO DE JANEIRO,50.2,-1.58,-22.9,-43.16,71,"('PORTSMOUTH', 'RIO DE JANEIRO')"
ST SALVADOR,BATAVIA,-13.13,-38.2,-6.1,106.86,71,"('BATAVIA', 'ST SALVADOR')"
ST THOMAS,UK,17.96,-65.14500000000001,51.5,-0.1,71,"('ST THOMAS', 'UK')"
SAN FRANCISCO,VALPARAISO,37.5,-122.68,-33.08,-71.67,71,"('SAN FRANCISCO', 'VALPARAISO')"
CADIZ,HELLEVOETSLUIS,36.53,-6.3,51.81,4.08,71,"('CADIZ', 'HELLEVOETSLUIS')"
ROCHEFORT,CAP,46.515,-1.97,19.74,-72.19,71,"('CAP', 'ROCHEFORT')"
CEYLON,KAAP DE GOEDE HOOP,6.85,82.1,-34.12,18.23,71,"('CEYLON', 'KAAP DE GOEDE HOOP')"
CADIZ,RIO DE JANEIRO,36.53,-6.3,-22.9,-43.16,70,"('CADIZ', 'RIO DE JANEIRO')"
CALCUTTA,JAVA,20.47,87.27,-7.5,110.0,70,"('CALCUTTA', 'JAVA')"
ST MAARTEN,MIDDELBURG,17.715,-62.52,51.5,3.6,70,"('MIDDELBURG', 'ST MAARTEN')"
ST HELENS ROAD UK,SPITHEAD,51.5,-0.1,50.525000000000006,-1.115,70,"('SPITHEAD', 'ST HELENS ROAD UK')"
NOAHIWA,AMBON,-9.0,-140.08,-3.68,128.16,70,"('AMBON', 'NOAHIWA')"
RIO DE JANEIRO,CURACAO,-22.9,-43.16,12.21,-68.34,70,"('CURACAO', 'RIO DE JANEIRO')"
RIO DE JANEIRO,MANILA,-22.9,-43.16,14.15,120.5,70,"('MANILA', 'RIO DE JANEIRO')"
NAGASAKI,BATAVIA,32.75,129.88,-6.1,106.86,70,"('BATAVIA', 'NAGASAKI')"
SAN FRANCISCO,KEMA,37.5,-122.68,1.26,125.36,69,"('KEMA', 'SAN FRANCISCO')"
FERROL,RIO DE JANEIRO,43.6,-8.65,-22.9,-43.16,69,"('FERROL', 'RIO DE JANEIRO')"
TEXEL,LISSABON,52.615,4.175000000000001,39.0,-9.65,69,"('LISSABON', 'TEXEL')"
MARTINIQUE,PLYMOUTH,15.65,-61.745000000000005,50.35,-4.16,69,"('MARTINIQUE', 'PLYMOUTH')"
ST JAGO,PORT EGMONT,14.92,-23.52,-51.7,-57.85,69,"('PORT EGMONT', 'ST JAGO')"
SURINAME,RAMMEKENS,6.095000000000001,-54.485,51.45,3.65,69,"('RAMMEKENS', 'SURINAME')"
VERACRUZ,CÁDIZ,19.2,-96.1,36.525000000000006,-6.41,69,"('CÁDIZ', 'VERACRUZ')"
BATAVIA,COLOMBO,-6.1,106.86,6.91,79.86,68,"('BATAVIA', 'COLOMBO')"
NEW ZEALAND,TAHITI,-41.0,174.0,-17.68,-149.45,68,"('NEW ZEALAND', 'TAHITI')"
ST HELENA,NIEUWEDIEP,-16.02,-5.08,52.155,3.27,68,"('NIEUWEDIEP', 'ST HELENA')"
ST EUSTATIUS,PARAMARIBO,17.5,-62.97,5.83,-55.15,68,"('PARAMARIBO', 'ST EUSTATIUS')"
RIO DE JANEIRO,JOHANNA,-22.9,-43.16,-12.13,44.4,68,"('JOHANNA', 'RIO DE JANEIRO')"
MAURITIUS,SPITHEAD,-20.17,57.5,50.525000000000006,-1.115,67,"('MAURITIUS', 'SPITHEAD')"
BREST,HAMPTON,48.34,-5.385,37.0,-76.2,67,"('BREST', 'HAMPTON')"
ALGOA BAAI,NEDERLAND,-34.18,25.4,52.0,5.0,67,"('ALGOA BAAI', 'NEDERLAND')"
MARAÑÓN,BARCELONA,-2.4,-44.29,41.39,2.17,67,"('BARCELONA', 'MARAÑÓN')"
MADRAS,PORT LOUIS,13.08,80.27,-20.17,57.5,67,"('MADRAS', 'PORT LOUIS')"
SPITHEAD,LOUISBOURG,50.525000000000006,-1.115,46.22,-59.29,67,"('LOUISBOURG', 'SPITHEAD')"
PLYMOUTH,MALAGA,50.35,-4.16,36.72,-4.42,67,"('MALAGA', 'PLYMOUTH')"
ROCHEFORT,FORT ROYAL,46.515,-1.97,14.59,-61.07,66,"('FORT ROYAL', 'ROCHEFORT')"
ST EUSTACIUS,HELLEVOETSLUIS,17.5,-62.97,51.81,4.08,66,"('HELLEVOETSLUIS', 'ST EUSTACIUS')"
ROTTERDAM,ST EUSTACIUS,51.0,1.11,17.5,-62.97,66,"('ROTTERDAM', 'ST EUSTACIUS')"
PORTSMOUTH,SIMONSBAAI,50.2,-1.58,-34.53,18.6,66,"('PORTSMOUTH', 'SIMONSBAAI')"
PLYMOUTH,NEW YORK,50.35,-4.16,40.75,-73.97,66,"('NEW YORK', 'PLYMOUTH')"
BUENOS AIRES,ANTWERPEN,-34.63,-58.33,51.22,4.4,65,"('ANTWERPEN', 'BUENOS AIRES')"
PORT ROYAL,PLYMOUTH,17.94,-76.84,50.35,-4.16,65,"('PLYMOUTH', 'PORT ROYAL')"
SOERABAYA,TAFELBAAI,-7.23,112.7,-34.225,18.175,65,"('SOERABAYA', 'TAFELBAAI')"
NEDERLAND,NEW YORK,52.0,5.0,40.75,-73.97,65,"('NEDERLAND', 'NEW YORK')"
TRINIDADA,LISBON,10.5,-61.25,38.68,-9.1,64,"('LISBON', 'TRINIDADA')"
BATAVIA,PADANG,-6.1,106.86,-1.095,100.375,64,"('BATAVIA', 'PADANG')"
PORTO PRAYA,SPITHEAD,14.92,-23.52,50.525000000000006,-1.115,64,"('PORTO PRAYA', 'SPITHEAD')"
MADEIRA,SPITHEAD,32.95,-15.88,50.525000000000006,-1.115,64,"('MADEIRA', 'SPITHEAD')"
BRAMSPUNT,BERGEN/NOORWEGEN,6.07,-55.17,60.39,5.32,63,"('BERGEN/NOORWEGEN', 'BRAMSPUNT')"
HELVOETSLUIS,CURACAO,51.33,1.72,12.21,-68.34,63,"('CURACAO', 'HELVOETSLUIS')"
BUENOS AIRES,CHARILLO,-34.63,-58.33,-12.67,-77.06,63,"('BUENOS AIRES', 'CHARILLO')"
BATAVIA,GAMRON,-6.1,106.86,26.8,56.6,63,"('BATAVIA', 'GAMRON')"
ST THOMAS,SPITHEAD,17.96,-65.14500000000001,50.525000000000006,-1.115,63,"('SPITHEAD', 'ST THOMAS')"
TRINCOMALEE,MADRAS,8.57,81.22,13.08,80.27,62,"('MADRAS', 'TRINCOMALEE')"
GRAVESEND,ST HELENA,51.44,0.37,-16.02,-5.08,62,"('GRAVESEND', 'ST HELENA')"
CÁDIZ,CAVITE,36.525000000000006,-6.41,14.5,120.92,62,"('CAVITE', 'CÁDIZ')"
TEXEL,NEW YORK,52.615,4.175000000000001,40.75,-73.97,62,"('NEW YORK', 'TEXEL')"
FORT AMSTERDAM,HELLEVOETSLUIS,6.05,-54.73,51.81,4.08,62,"('FORT AMSTERDAM', 'HELLEVOETSLUIS')"
FORT ROYAL,HELLEVOETSLUIS,14.59,-61.07,51.81,4.08,61,"('FORT ROYAL', 'HELLEVOETSLUIS')"
MONTEVIDEO,TABLE BAY,-34.89,-56.21,-33.9,18.4,61,"('MONTEVIDEO', 'TABLE BAY')"
DOWNS UK,ST HELENA,51.2,1.4,-16.02,-5.08,61,"('DOWNS UK', 'ST HELENA')"
STRAAT SUNDA,NOORDKUST JAVA,-6.0,105.9,-7.5,110.0,61,"('NOORDKUST JAVA', 'STRAAT SUNDA')"
TEXEL,MONTEVIDEO,52.615,4.175000000000001,-34.89,-56.21,61,"('MONTEVIDEO', 'TEXEL')"
ST PIERRE,LA ROCHELLE,14.73,-61.18,46.16,-1.15,61,"('LA ROCHELLE', 'ST PIERRE')"
ST KITTS,PLYMOUTH,17.3,-62.73,50.35,-4.16,61,"('PLYMOUTH', 'ST KITTS')"
ST HELENA,CANTON,-16.02,-5.08,19.98,113.85,61,"('CANTON', 'ST HELENA')"
PONDICHERRY,TABLE BAY,11.93,79.83,-33.9,18.4,61,"('PONDICHERRY', 'TABLE BAY')"
MAKASSAR,MANILA,-5.65,118.2,14.15,120.5,60,"('MAKASSAR', 'MANILA')"
CURACAO,VLISSINGEN,12.21,-68.34,51.45,3.58,60,"('CURACAO', 'VLISSINGEN')"
LISBON,CRUISING TO LISBON,38.68,-9.1,38.72,-9.14,60,"('CRUISING TO LISBON', 'LISBON')"
MANILLA,MADRAS,14.65,119.62,13.08,80.27,60,"('MADRAS', 'MANILLA')"
NEDERLAND,FORT AXIM,52.0,5.0,4.5,-3.93,60,"('FORT AXIM', 'NEDERLAND')"
BUENOS AIRES,NEW YORK,-34.63,-58.33,40.75,-73.97,60,"('BUENOS AIRES', 'NEW YORK')"
LONG BAY JAMAICA,SPITHEAD,18.1,-77.3,50.525000000000006,-1.115,60,"('LONG BAY JAMAICA', 'SPITHEAD')"
SENEGAL,LISBON,14.7,-17.45,38.68,-9.1,60,"('LISBON', 'SENEGAL')"
ANTIGUA,NEW YORK,17.12,-61.85,40.75,-73.97,60,"('ANTIGUA', 'NEW YORK')"
HAVANNA,LIVERPOOL,23.27,-82.49,53.2,-4.63,59,"('HAVANNA', 'LIVERPOOL')"
TABLE BAY,TRINCOMALEE,-33.9,18.4,8.57,81.22,59,"('TABLE BAY', 'TRINCOMALEE')"
MIDDELBURG,CAAP MONTE,51.5,3.6,6.5,-11.0,59,"('CAAP MONTE', 'MIDDELBURG')"
MACAO,SAN FRANCISCO,22.17,113.54,37.5,-122.68,59,"('MACAO', 'SAN FRANCISCO')"
AMBOINE,LA BAIE DE LEGRAND,-3.805,128.43,-34.114999999999995,121.8,59,"('AMBOINE', 'LA BAIE DE LEGRAND')"
CURAÇAO,ST EUSTACIUS,12.34,-68.5,17.5,-62.97,59,"('CURAÇAO', 'ST EUSTACIUS')"
JAVA,COLOMBO,-7.5,110.0,6.91,79.86,59,"('COLOMBO', 'JAVA')"
BASSE TERRE,PLYMOUTH,16.23,-61.53,50.35,-4.16,59,"('BASSE TERRE', 'PLYMOUTH')"
GIBRALTAR,BARBADOS,36.19,-5.21,13.095,-58.93,59,"('BARBADOS', 'GIBRALTAR')"
ST MAARTEN,SURINAME,17.715,-62.52,6.095000000000001,-54.485,59,"('ST MAARTEN', 'SURINAME')"
PORT EGMONT,FAYAL,-51.7,-57.85,38.63,-29.85,59,"('FAYAL', 'PORT EGMONT')"
NEDERLAND,RIO DE LA PLATA,52.0,5.0,-35.0,-54.78,59,"('NEDERLAND', 'RIO DE LA PLATA')"
MIDDELBURG,SURINAME,51.5,3.6,6.095000000000001,-54.485,58,"('MIDDELBURG', 'SURINAME')"
MAURITIUS,KAAP DE GOEDE HOOP,-20.17,57.5,-34.12,18.23,58,"('KAAP DE GOEDE HOOP', 'MAURITIUS')"
TEXEL,ELMINA,52.615,4.175000000000001,5.08,-1.34,58,"('ELMINA', 'TEXEL')"
SANTA CRUZ,SIMONSBAAI,28.45,-16.25,-34.53,18.6,58,"('SANTA CRUZ', 'SIMONSBAAI')"
CADIZ,CARTAGENA,36.53,-6.3,10.4,-75.5,58,"('CADIZ', 'CARTAGENA')"
ST MARTIN,PARAMARIBO,17.725,-59.355,5.83,-55.15,58,"('PARAMARIBO', 'ST MARTIN')"
TRINCOMALEE,PORT LOUIS,8.57,81.22,-20.17,57.5,58,"('PORT LOUIS', 'TRINCOMALEE')"
ST HELENA,BENCOOLEN,-16.02,-5.08,-3.72,101.5,57,"('BENCOOLEN', 'ST HELENA')"
ST HELENA,JAVA,-16.02,-5.08,-7.5,110.0,57,"('JAVA', 'ST HELENA')"
TEXEL,ST EUSTACIUS,52.615,4.175000000000001,17.5,-62.97,57,"('ST EUSTACIUS', 'TEXEL')"
ROTTERDAM,ST GEORGE D'ELMINA,51.0,1.11,5.08,-1.34,57,"('ROTTERDAM', ""ST GEORGE D'ELMINA"")"
SPITHEAD,ST JAGO,50.525000000000006,-1.115,14.92,-23.52,57,"('SPITHEAD', 'ST JAGO')"
UK,NEW YORK,51.5,-0.1,40.75,-73.97,56,"('NEW YORK', 'UK')"
TABLE BAY,BOMBAY,-33.9,18.4,18.93,72.85,56,"('BOMBAY', 'TABLE BAY')"
MAURITIUS,COCHIN,-20.17,57.5,9.96,76.25,56,"('COCHIN', 'MAURITIUS')"
NEDERLAND,ST EUSTASIUS,52.0,5.0,17.5,-62.97,56,"('NEDERLAND', 'ST EUSTASIUS')"
ST EUSTACIUS,TEXEL,17.5,-62.97,52.615,4.175000000000001,55,"('ST EUSTACIUS', 'TEXEL')"
COCHIN,BATAVIA,9.96,76.25,-6.1,106.86,55,"('BATAVIA', 'COCHIN')"
SPITHEAD,NEVIS,50.525000000000006,-1.115,17.15,-62.58,55,"('NEVIS', 'SPITHEAD')"
"PORT EGMONT, FALKLAND ISLANDS",UK,-51.8,-59.0,51.5,-0.1,55,"('PORT EGMONT, FALKLAND ISLANDS', 'UK')"
CÁDIZ,FERROL,36.525000000000006,-6.41,43.6,-8.65,55,"('CÁDIZ', 'FERROL')"
LOUISBOURG,TOULON,46.22,-59.29,43.12,5.93,55,"('LOUISBOURG', 'TOULON')"
RIO DE JANEIRO,SPITHEAD,-22.9,-43.16,50.525000000000006,-1.115,55,"('RIO DE JANEIRO', 'SPITHEAD')"
VERACRUZ.,CÁDIZ,19.2,-96.1,36.525000000000006,-6.41,54,"('CÁDIZ', 'VERACRUZ.')"
ST HELENA,HELVOETSLUIS,-16.02,-5.08,51.33,1.72,54,"('HELVOETSLUIS', 'ST HELENA')"
VALPARAISO,RIO DE JANEIRO,-33.08,-71.67,-22.9,-43.16,54,"('RIO DE JANEIRO', 'VALPARAISO')"
MADRAS,PLYMOUTH,13.08,80.27,50.35,-4.16,54,"('MADRAS', 'PLYMOUTH')"
FORT ST DAVID,UK,11.77,79.78,51.5,-0.1,54,"('FORT ST DAVID', 'UK')"
NEW YORK,PLYMOUTH,40.75,-73.97,50.35,-4.16,54,"('NEW YORK', 'PLYMOUTH')"
ROCHEFORT,"TOBAGO, LA MARTINIQUE, ST. DOMINGUE",46.515,-1.97,14.64,-61.02,53,"('ROCHEFORT', 'TOBAGO, LA MARTINIQUE, ST. DOMINGUE')"
BUENOS AIRES,VALPARAISO,-34.63,-58.33,-33.08,-71.67,53,"('BUENOS AIRES', 'VALPARAISO')"
PARAMARIBO,NEDERLAND,5.83,-55.15,52.0,5.0,53,"('NEDERLAND', 'PARAMARIBO')"
ST HELLENA,UK,-15.95,-5.72,51.5,-0.1,53,"('ST HELLENA', 'UK')"
TEXEL,ST SALVADOR,52.615,4.175000000000001,-13.13,-38.2,53,"('ST SALVADOR', 'TEXEL')"
CANTON,ST HELENA,19.98,113.85,-16.02,-5.08,53,"('CANTON', 'ST HELENA')"
CANTON,TABLE BAY,19.98,113.85,-33.9,18.4,53,"('CANTON', 'TABLE BAY')"
PORTSMOUTH,MADEIRA,50.2,-1.58,32.95,-15.88,53,"('MADEIRA', 'PORTSMOUTH')"
PORT EGMONT,PLYMOUTH,-51.7,-57.85,50.35,-4.16,53,"('PLYMOUTH', 'PORT EGMONT')"
LA HABANA,SANTANDER,23.48,-80.91,43.46,-3.8,52,"('LA HABANA', 'SANTANDER')"
CÁDIZ,EL CALLAO (LIMA),36.525000000000006,-6.41,-12.07,-77.15,52,"('CÁDIZ', 'EL CALLAO (LIMA)')"
SIERRA LEONE,UK,8.684999999999999,-13.415,51.5,-0.1,52,"('SIERRA LEONE', 'UK')"
ST GEORGE D'ELMINAR,SURINAME,5.08,-1.35,6.095000000000001,-54.485,52,"(""ST GEORGE D'ELMINAR"", 'SURINAME')"
BREMEN,NEW YORK,53.08,8.8,40.75,-73.97,52,"('BREMEN', 'NEW YORK')"
MOCHA,BOMBAY,13.32,43.25,18.93,72.85,52,"('BOMBAY', 'MOCHA')"
BATAVIA,SOERABAYA,-6.1,106.86,-7.23,112.7,52,"('BATAVIA', 'SOERABAYA')"
ST HELENA,PORTSMOUTH,-16.02,-5.08,50.2,-1.58,52,"('PORTSMOUTH', 'ST HELENA')"
MIDDELBURG,ST PAOLO,51.5,3.6,5.9,-10.5,52,"('MIDDELBURG', 'ST PAOLO')"
FUNCHAL,BARBADOS,32.63,-16.88,13.095,-58.93,52,"('BARBADOS', 'FUNCHAL')"
VLISSINGEN,ST GEORGE D'ELMINA,51.45,3.58,5.08,-1.34,51,"(""ST GEORGE D'ELMINA"", 'VLISSINGEN')"
SPITHEAD,CAPE COAST,50.525000000000006,-1.115,5.1,-1.25,51,"('CAPE COAST', 'SPITHEAD')"
SANDWICH ISLANDS,MACAO,21.3,-157.8,22.17,113.54,51,"('MACAO', 'SANDWICH ISLANDS')"
SIMONSBAAI,BATAVIA,-34.53,18.6,-6.1,106.86,51,"('BATAVIA', 'SIMONSBAAI')"
ELMINA,BRAAMSPUNT,5.08,-1.34,6.21,-55.11,51,"('BRAAMSPUNT', 'ELMINA')"
KAAPSTAD,COLOMBO,-34.68,18.12,6.91,79.86,51,"('COLOMBO', 'KAAPSTAD')"
BARCELONA,MARAÑÓN,41.39,2.17,-2.4,-44.29,51,"('BARCELONA', 'MARAÑÓN')"
MANILA.,CÁDIZ,14.6,120.98,36.525000000000006,-6.41,51,"('CÁDIZ', 'MANILA.')"
BARBADOS,DOWNS UK,13.095,-58.93,51.2,1.4,50,"('BARBADOS', 'DOWNS UK')"
TABLE BAY,TILLICHERRY,-33.9,18.4,11.73,75.48,50,"('TABLE BAY', 'TILLICHERRY')"
MANILA,ISLA DE LA ASCENSION,14.15,120.5,-7.93,-14.37,50,"('ISLA DE LA ASCENSION', 'MANILA')"
PORT LOUIS,MARTINIQUE,-20.17,57.5,15.65,-61.745000000000005,50,"('MARTINIQUE', 'PORT LOUIS')"
JAMAICA,DOWNS UK,18.1,-77.3,51.2,1.4,50,"('DOWNS UK', 'JAMAICA')"
ROTTERDAM,ST CHRISTOFFEL,51.0,1.11,17.38,-61.57,50,"('ROTTERDAM', 'ST CHRISTOFFEL')"
MADEIRA,TABLE BAY,32.95,-15.88,-33.9,18.4,50,"('MADEIRA', 'TABLE BAY')"
MANILA,CADIZ,14.15,120.5,36.53,-6.3,50,"('CADIZ', 'MANILA')"
"TORTOLA ROADS, ST THOMAS",SPITHEAD,18.34,-64.93,50.525000000000006,-1.115,50,"('SPITHEAD', 'TORTOLA ROADS, ST THOMAS')"
MAURITIUS,MADRAS,-20.17,57.5,13.08,80.27,49,"('MADRAS', 'MAURITIUS')"
SIMONSBAAI,FORT BANJOEWANGIE,-34.53,18.6,-8.2,114.35,49,"('FORT BANJOEWANGIE', 'SIMONSBAAI')"
ILE DE PAQUE,ILE MOWÉE,-27.175,-109.06,20.51,-156.09,49,"('ILE DE PAQUE', 'ILE MOWÉE')"
MIDDELBURG,RIO GABON,51.5,3.6,-0.1249999999999999,8.875,49,"('MIDDELBURG', 'RIO GABON')"
ROCHEFORT,ST PIERRE,46.515,-1.97,14.73,-61.18,49,"('ROCHEFORT', 'ST PIERRE')"
CURAÇAO,MIDDELBURG,12.34,-68.5,51.5,3.6,49,"('CURAÇAO', 'MIDDELBURG')"
CAP FRANCAISE,ROCHEFORT,19.74,-72.19,46.515,-1.97,49,"('CAP FRANCAISE', 'ROCHEFORT')"
TABLE BAY,GULF OF ADEN,-33.9,18.4,12.79,45.03,48,"('GULF OF ADEN', 'TABLE BAY')"
JAMAICA,CORK,18.1,-77.3,51.35,-8.815,48,"('CORK', 'JAMAICA')"
CORK,ANTIGUA,51.35,-8.815,17.12,-61.85,48,"('ANTIGUA', 'CORK')"
SPITHEAD,SENEGAL,50.525000000000006,-1.115,14.7,-17.45,48,"('SENEGAL', 'SPITHEAD')"
DOVER,CAAP MONTE,51.48,1.52,6.5,-11.0,48,"('CAAP MONTE', 'DOVER')"
PLYMOUTH,PORTO PRAYA,50.35,-4.16,14.92,-23.52,48,"('PLYMOUTH', 'PORTO PRAYA')"
TABLE BAY,"BACK BAY, TRINCOMALEE",-33.9,18.4,8.58,81.23,48,"('BACK BAY, TRINCOMALEE', 'TABLE BAY')"
NEDERLAND,CURACAO,52.0,5.0,12.21,-68.34,48,"('CURACAO', 'NEDERLAND')"
SPITHEAD,GOREE,50.525000000000006,-1.115,14.67,-17.4,48,"('GOREE', 'SPITHEAD')"
NEW YORK,CURACAO,40.75,-73.97,12.21,-68.34,48,"('CURACAO', 'NEW YORK')"
NEW YORK,NEDERLAND,40.75,-73.97,52.0,5.0,48,"('NEDERLAND', 'NEW YORK')"
TABLE BAY,"PORT LOUIS, MAURITIUS",-33.9,18.4,-20.15,57.47,47,"('PORT LOUIS, MAURITIUS', 'TABLE BAY')"
TABLE BAY,CEYLON,-33.9,18.4,6.85,82.1,47,"('CEYLON', 'TABLE BAY')"
HELLEVOETSLUIS,BAHIA DE TODOS LOS SANTOS,51.81,4.08,-13.07,-38.48,47,"('BAHIA DE TODOS LOS SANTOS', 'HELLEVOETSLUIS')"
GUADELOUPE,NANTES,16.25,-61.58,47.22,-1.55,47,"('GUADELOUPE', 'NANTES')"
GUADELOUPE,ROCHEFORT,16.25,-61.58,46.515,-1.97,47,"('GUADELOUPE', 'ROCHEFORT')"
STRAAT SUNDA,TIRIKUNAMALAYA,-6.0,105.9,8.57,81.22,47,"('STRAAT SUNDA', 'TIRIKUNAMALAYA')"
ROTTERDAM,RIO DE JANEIRO,51.0,1.11,-22.9,-43.16,47,"('RIO DE JANEIRO', 'ROTTERDAM')"
BASSE TERRE ROADS,SPITHEAD,15.99,-61.73,50.525000000000006,-1.115,46,"('BASSE TERRE ROADS', 'SPITHEAD')"
FORT ROYAL,BREST,14.59,-61.07,48.34,-5.385,46,"('BREST', 'FORT ROYAL')"
GIBRALTAR,LISSABON,36.19,-5.21,39.0,-9.65,46,"('GIBRALTAR', 'LISSABON')"
HAMPTON,NEDERLAND,37.0,-76.2,52.0,5.0,46,"('HAMPTON', 'NEDERLAND')"
TABLE BAY,MOCHA,-33.9,18.4,13.32,43.25,46,"('MOCHA', 'TABLE BAY')"
PLYMOUTH,GIBRALTAR,50.35,-4.16,36.19,-5.21,46,"('GIBRALTAR', 'PLYMOUTH')"
ST THOMAS (SAO TOME),SPITHEAD,18.34,-64.93,50.525000000000006,-1.115,46,"('SPITHEAD', 'ST THOMAS (SAO TOME)')"
BATAVIA,PORT LOUIS,-6.1,106.86,-20.17,57.5,46,"('BATAVIA', 'PORT LOUIS')"
TEXEL,CANARIA,52.615,4.175000000000001,28.465,-15.35,46,"('CANARIA', 'TEXEL')"
PUERTO RICO,VERACRUZ,18.48,-66.13,19.2,-96.1,46,"('PUERTO RICO', 'VERACRUZ')"
CORK,GOREE,51.35,-8.815,14.67,-17.4,46,"('CORK', 'GOREE')"
BARBADOS,PLYMOUTH UK,13.095,-58.93,51.5,-0.1,45,"('BARBADOS', 'PLYMOUTH UK')"
SPITSBERGEN,AMSTERDAM,60.39,5.32,52.77,3.97,45,"('AMSTERDAM', 'SPITSBERGEN')"
TABLE BAY,RIO DE LA PLATA,-33.9,18.4,-35.0,-54.78,45,"('RIO DE LA PLATA', 'TABLE BAY')"
ANTIGUA,BARBADOS,17.12,-61.85,13.095,-58.93,45,"('ANTIGUA', 'BARBADOS')"
ST GEORGE D'ELMINA,MONTEVIDEO,5.08,-1.34,-34.89,-56.21,45,"('MONTEVIDEO', ""ST GEORGE D'ELMINA"")"
YARMOUTH,NEW YORK,52.61,1.73,40.75,-73.97,45,"('NEW YORK', 'YARMOUTH')"
PORT DES FRANCAIS,MONTEREY,58.6,-137.65,36.66,-121.9,45,"('MONTEREY', 'PORT DES FRANCAIS')"
NOUVELLE IRLANDE,AMBOINE,-4.72,152.675,-3.805,128.43,45,"('AMBOINE', 'NOUVELLE IRLANDE')"
ST THOMAS (SAO TOME),DOMINICA,18.34,-64.93,15.42,-61.35,45,"('DOMINICA', 'ST THOMAS (SAO TOME)')"
VLISSINGEN,PARAMARIBO,51.45,3.58,5.83,-55.15,45,"('PARAMARIBO', 'VLISSINGEN')"
MADEIRA,JAMAICA,32.95,-15.88,18.1,-77.3,44,"('JAMAICA', 'MADEIRA')"
SENEGAL,FALMOUTH,14.7,-17.45,50.15,-5.07,44,"('FALMOUTH', 'SENEGAL')"
TEXEL,ST GEORGE D'ELMINA,52.615,4.175000000000001,5.08,-1.34,44,"(""ST GEORGE D'ELMINA"", 'TEXEL')"
SURINAME,ST EUSTACIUS,6.095000000000001,-54.485,17.5,-62.97,44,"('ST EUSTACIUS', 'SURINAME')"
TEXEL,CAYENNE,52.615,4.175000000000001,4.845000000000001,-52.175,44,"('CAYENNE', 'TEXEL')"
CURACAO,RIO DE JANEIRO,12.21,-68.34,-22.9,-43.16,44,"('CURACAO', 'RIO DE JANEIRO')"
MADRAS,BATAVIA,13.08,80.27,-6.1,106.86,43,"('BATAVIA', 'MADRAS')"
PLYMOUTH,FALMOUTH,50.35,-4.16,50.15,-5.07,43,"('FALMOUTH', 'PLYMOUTH')"
PARAMARIBO,RAMMEKENS,5.83,-55.15,51.45,3.65,43,"('PARAMARIBO', 'RAMMEKENS')"
NIEUWEDIEP,NEW YORK,52.155,3.27,40.75,-73.97,43,"('NEW YORK', 'NIEUWEDIEP')"
CAP FRANCAIS,BORDEAUX,19.75,-72.2,44.84,-0.58,43,"('BORDEAUX', 'CAP FRANCAIS')"
FAYAL,PLYMOUTH,38.63,-29.85,50.35,-4.16,43,"('FAYAL', 'PLYMOUTH')"
LA GUADELOUPE,L'ISLE D'AIX,15.57,-61.67,46.6,-2.5,43,"(""L'ISLE D'AIX"", 'LA GUADELOUPE')"
CADIZ,VERACRUZ,36.53,-6.3,19.2,-96.1,43,"('CADIZ', 'VERACRUZ')"
HELLEVOETSLUIS,CAYENNE,51.81,4.08,4.845000000000001,-52.175,43,"('CAYENNE', 'HELLEVOETSLUIS')"
SANDWICH ISLANDS,PRINCE WILLIAM'S SOUND,21.3,-157.8,60.5,-147.0,42,"(""PRINCE WILLIAM'S SOUND"", 'SANDWICH ISLANDS')"
BREST,PORTSMOUTH,48.34,-5.385,50.2,-1.58,42,"('BREST', 'PORTSMOUTH')"
CADIZ,MONTEVIDEO,36.53,-6.3,-34.89,-56.21,42,"('CADIZ', 'MONTEVIDEO')"
BATAVIA,BENGALEN,-6.1,106.86,22.5,88.3,42,"('BATAVIA', 'BENGALEN')"
PARAMARIBO,TEXEL,5.83,-55.15,52.615,4.175000000000001,42,"('PARAMARIBO', 'TEXEL')"
BATAVIA,TRINCOMALEE,-6.1,106.86,8.57,81.22,42,"('BATAVIA', 'TRINCOMALEE')"
LA HABANA,CAMARIÑAS,23.48,-80.91,43.1,-9.2,42,"('CAMARIÑAS', 'LA HABANA')"
MEW BAY -JAVA,BOMBAY,-7.5,110.0,18.93,72.85,41,"('BOMBAY', 'MEW BAY -JAVA')"
BREST,CUL DE SAC,48.34,-5.385,14.42,-59.17,41,"('BREST', 'CUL DE SAC')"
TILLICHERRY,CALCUTTA,11.73,75.48,20.47,87.27,41,"('CALCUTTA', 'TILLICHERRY')"
NIEUWEDIEP,RIO DE JANEIRO,52.155,3.27,-22.9,-43.16,41,"('NIEUWEDIEP', 'RIO DE JANEIRO')"
GIBRALTAR,MARTINIQUE,36.19,-5.21,15.65,-61.745000000000005,41,"('GIBRALTAR', 'MARTINIQUE')"
BELIZE,NEDERLAND,17.240000000000002,-87.275,52.0,5.0,41,"('BELIZE', 'NEDERLAND')"
MADRAS,TILLICHERRY,13.08,80.27,11.73,75.48,40,"('MADRAS', 'TILLICHERRY')"
MADEIRA,NEW YORK,32.95,-15.88,40.75,-73.97,40,"('MADEIRA', 'NEW YORK')"
LA HABANA,CADIZ,23.48,-80.91,36.53,-6.3,40,"('CADIZ', 'LA HABANA')"
SPITHEAD,ST LUCIA,50.525000000000006,-1.115,13.9,-61.0,40,"('SPITHEAD', 'ST LUCIA')"
"CANTON RIVER, CHINA",ST HELENA,31.2,121.5,-16.02,-5.08,40,"('CANTON RIVER, CHINA', 'ST HELENA')"
TRINIDAD (CUBA),CURACAO,10.5,-61.25,12.21,-68.34,40,"('CURACAO', 'TRINIDAD (CUBA)')"
SPITHEAD,RIO DE JANEIRO,50.525000000000006,-1.115,-22.9,-43.16,40,"('RIO DE JANEIRO', 'SPITHEAD')"
BREST,"DOMINIQUE, CADIX, MALAGUA ET RETOUR A BREST",48.34,-5.385,48.4,-4.5,40,"('BREST', 'DOMINIQUE, CADIX, MALAGUA ET RETOUR A BREST')"
FERROL,CAP,43.6,-8.65,19.74,-72.19,40,"('CAP', 'FERROL')"
LA MARTINIQUE,BREST,14.64,-61.02,48.34,-5.385,40,"('BREST', 'LA MARTINIQUE')"
BOMBAY,MOCHA,18.93,72.85,13.32,43.25,40,"('BOMBAY', 'MOCHA')"
ROCHEFORT,GUADELOUPE,46.515,-1.97,16.25,-61.58,40,"('GUADELOUPE', 'ROCHEFORT')"
SURINAME,CURAÇAO,6.095000000000001,-54.485,12.34,-68.5,40,"('CURAÇAO', 'SURINAME')"
SOERABAYA,ALGOA BAAI,-7.23,112.7,-34.18,25.4,40,"('ALGOA BAAI', 'SOERABAYA')"
BATAVIA,CANTON,-6.1,106.86,19.98,113.85,40,"('BATAVIA', 'CANTON')"
PRINCESS ISLAND (NR ST THOMAS),BARBADOS,18.34,-64.93,13.095,-58.93,40,"('BARBADOS', 'PRINCESS ISLAND (NR ST THOMAS)')"
RIO DE JANEIRO,FALMOUTH,-22.9,-43.16,50.15,-5.07,40,"('FALMOUTH', 'RIO DE JANEIRO')"
CURACAO,ST MAARTEN,12.21,-68.34,17.715,-62.52,39,"('CURACAO', 'ST MAARTEN')"
ST DOMINGO,NIEUWEDIEP,18.4,-69.67,52.155,3.27,39,"('NIEUWEDIEP', 'ST DOMINGO')"
ST VINCENT,LIVERPOOL,13.15,-61.2,53.2,-4.63,39,"('LIVERPOOL', 'ST VINCENT')"
ST EUSTATIUS,SURINAME,17.5,-62.97,6.095000000000001,-54.485,39,"('ST EUSTATIUS', 'SURINAME')"
CHEREBON ROAD,RIVER BANJOR,-6.7,108.6,-3.52,114.48,39,"('CHEREBON ROAD', 'RIVER BANJOR')"
TAFELBAAI,JAVA,-34.225,18.175,-7.5,110.0,39,"('JAVA', 'TAFELBAAI')"
NEW YORK,LE HAVRE,40.75,-73.97,49.49,0.11,39,"('LE HAVRE', 'NEW YORK')"
PADANG,BATAVIA,-1.095,100.375,-6.1,106.86,39,"('BATAVIA', 'PADANG')"
GALLE,MAURITIUS,6.0,80.2,-20.17,57.5,39,"('GALLE', 'MAURITIUS')"
TEXEL,CURAÇAO,52.615,4.175000000000001,12.34,-68.5,39,"('CURAÇAO', 'TEXEL')"
BORDEAUX,MARTINIQUE,44.84,-0.58,15.65,-61.745000000000005,38,"('BORDEAUX', 'MARTINIQUE')"
CAPE COAST,"PORT ROYAL, JAMAICA",5.1,-1.25,18.1,-77.3,38,"('CAPE COAST', 'PORT ROYAL, JAMAICA')"
CURACAO,DE GOEDE RHEEDE,12.21,-68.34,52.08,1.73,38,"('CURACAO', 'DE GOEDE RHEEDE')"
ACAPULCO,SAN BLAS,16.85,-99.9,21.9,-106.96,38,"('ACAPULCO', 'SAN BLAS')"
"EL CALLAO (LIMA, PERÚ)",VALPARAÍSO (CHILE),-12.07,-77.15,-1.46,-48.5,38,"('EL CALLAO (LIMA, PERÚ)', 'VALPARAÍSO (CHILE)')"
ST HELENA,FERDINANDO LORONHO,-16.02,-5.08,-3.85,-32.42,38,"('FERDINANDO LORONHO', 'ST HELENA')"
FALMOUTH,PORT ROYAL,50.15,-5.07,17.94,-76.84,38,"('FALMOUTH', 'PORT ROYAL')"
CADIZ,PUERTO RICO,36.53,-6.3,18.48,-66.13,38,"('CADIZ', 'PUERTO RICO')"
TAHITI,NEW ZEALAND,-17.68,-149.45,-41.0,174.0,37,"('NEW ZEALAND', 'TAHITI')"
ALLERHEILIGEN BAAIJ,TAFELBAAI,-13.01,-38.53,-34.225,18.175,37,"('ALLERHEILIGEN BAAIJ', 'TAFELBAAI')"
PORT ROYAL,PORTSMOUTH,17.94,-76.84,50.2,-1.58,37,"('PORT ROYAL', 'PORTSMOUTH')"
CASTRIES,AVATSCHA,51.45,140.85,53.02,159.03,37,"('AVATSCHA', 'CASTRIES')"
BATAVIA,CEYLON,-6.1,106.86,6.85,82.1,37,"('BATAVIA', 'CEYLON')"
GUAYAQUIL,CALLAO,-3.32,-80.55,-12.08,-77.93,37,"('CALLAO', 'GUAYAQUIL')"
BATAVIA,MACAO,-6.1,106.86,22.17,113.54,37,"('BATAVIA', 'MACAO')"
PLYMOUTH,CAPE COAST,50.35,-4.16,5.1,-1.25,36,"('CAPE COAST', 'PLYMOUTH')"
CAPE COAST,PORT ROYAL JAMAICA,5.1,-1.25,18.1,-77.3,36,"('CAPE COAST', 'PORT ROYAL JAMAICA')"
MADEIRA,SENEGAL,32.95,-15.88,14.7,-17.45,36,"('MADEIRA', 'SENEGAL')"
ST EUSTACIUS,NEDERLAND,17.5,-62.97,52.0,5.0,36,"('NEDERLAND', 'ST EUSTACIUS')"
NEDERLAND,SIERRA LEONE,52.0,5.0,8.684999999999999,-13.415,36,"('NEDERLAND', 'SIERRA LEONE')"
BASSE TERRE,ROCHEFORT,16.23,-61.53,46.515,-1.97,36,"('BASSE TERRE', 'ROCHEFORT')"
MALAGA,LOUISBOURG,36.72,-4.42,46.22,-59.29,36,"('LOUISBOURG', 'MALAGA')"
ST HELENA,WOOLWICH UK,-16.02,-5.08,51.5,-0.1,36,"('ST HELENA', 'WOOLWICH UK')"
CHERILLOS,NOAHIWA,-12.55,-77.12,-9.0,-140.08,36,"('CHERILLOS', 'NOAHIWA')"
GIBRALTAR,PLYMOUTH,36.19,-5.21,50.35,-4.16,36,"('GIBRALTAR', 'PLYMOUTH')"
LA HAVANE,ROCHEFORT,23.13,-82.39,46.515,-1.97,36,"('LA HAVANE', 'ROCHEFORT')"
VLISSINGEN,SANTA CRUZ,51.45,3.58,28.45,-16.25,36,"('SANTA CRUZ', 'VLISSINGEN')"
VLISSINGEN,CURAÇAO,51.45,3.58,12.34,-68.5,35,"('CURAÇAO', 'VLISSINGEN')"
HAMPTON,TEXEL,37.0,-76.2,52.615,4.175000000000001,35,"('HAMPTON', 'TEXEL')"
SURINAME,ST MAARTEN,6.095000000000001,-54.485,17.715,-62.52,35,"('ST MAARTEN', 'SURINAME')"
GUADELOUPE,L'ISLE DIEU,16.25,-61.58,46.575,-2.05,35,"('GUADELOUPE', ""L'ISLE DIEU"")"
NEW ZEALAND,TOWARDS CAPE HORN,-41.0,174.0,-55.98,-67.27,35,"('NEW ZEALAND', 'TOWARDS CAPE HORN')"
UK,DOMINICA,51.5,-0.1,15.42,-61.35,35,"('DOMINICA', 'UK')"
SPITHEAD,PORT ROYAL JAMAICA,50.525000000000006,-1.115,18.1,-77.3,35,"('PORT ROYAL JAMAICA', 'SPITHEAD')"
"DAUPHIN BAY, MADAGASCAR",TABLE BAY,-25.02,47.0,-33.9,18.4,35,"('DAUPHIN BAY, MADAGASCAR', 'TABLE BAY')"
LA ROCHELLE,SPITHEAD,46.16,-1.15,50.525000000000006,-1.115,35,"('LA ROCHELLE', 'SPITHEAD')"
FORT ROYAL,ROCHEFORT,14.59,-61.07,46.515,-1.97,35,"('FORT ROYAL', 'ROCHEFORT')"
SENEGAL ROAD,SPITHEAD,14.7,-17.45,50.525000000000006,-1.115,35,"('SENEGAL ROAD', 'SPITHEAD')"
PORTO PRAYA,ST HELENA,14.92,-23.52,-16.02,-5.08,35,"('PORTO PRAYA', 'ST HELENA')"
ROCHEFORT,BASSE TERRE,46.515,-1.97,16.23,-61.53,34,"('BASSE TERRE', 'ROCHEFORT')"
YARMOUTH,BARBADOS,52.61,1.73,13.095,-58.93,34,"('BARBADOS', 'YARMOUTH')"
PARAMARIBO,ST EUSTATIUS,5.83,-55.15,17.5,-62.97,34,"('PARAMARIBO', 'ST EUSTATIUS')"
PORT ANTOIO JAMAICA,THE DOWNS,18.1,-77.3,51.2,1.4,34,"('PORT ANTOIO JAMAICA', 'THE DOWNS')"
MADRAS,PENANG,13.08,80.27,5.42,100.32,34,"('MADRAS', 'PENANG')"
ILE MOWÉE,PORT DES FRANCAIS,20.51,-156.09,58.6,-137.65,34,"('ILE MOWÉE', 'PORT DES FRANCAIS')"
MAKASSAR,MACAO,-5.65,118.2,22.17,113.54,34,"('MACAO', 'MAKASSAR')"
MADRAS,TRINCOMALEE,13.08,80.27,8.57,81.22,34,"('MADRAS', 'TRINCOMALEE')"
LISSABON,HELLEVOETSLUIS,39.0,-9.65,51.81,4.08,34,"('HELLEVOETSLUIS', 'LISSABON')"
FORT ROYAL,ISLE D'AIX,14.59,-61.07,46.58,-4.67,34,"('FORT ROYAL', ""ISLE D'AIX"")"
NEDERLAND,CADIZ,52.0,5.0,36.53,-6.3,34,"('CADIZ', 'NEDERLAND')"
HELLEVOETSLUIS,FUNCHAL,51.81,4.08,32.63,-16.88,34,"('FUNCHAL', 'HELLEVOETSLUIS')"
TORBAY UK,BASSE TERRE,51.5,-0.1,16.23,-61.53,34,"('BASSE TERRE', 'TORBAY UK')"
ST JOHNS ANTIGUA,SPITHEAD,17.12,-61.85,50.525000000000006,-1.115,34,"('SPITHEAD', 'ST JOHNS ANTIGUA')"
PORT ROYAL JAMAICA,UK,18.1,-77.3,51.5,-0.1,34,"('PORT ROYAL JAMAICA', 'UK')"
NEW YORK,TEXEL,40.75,-73.97,52.615,4.175000000000001,34,"('NEW YORK', 'TEXEL')"
LA HABANA,BILBAO,23.48,-80.91,43.26,-2.93,34,"('BILBAO', 'LA HABANA')"
TRUXILLO,CURAÇAO,16.11,-86.015,12.34,-68.5,33,"('CURAÇAO', 'TRUXILLO')"
BARBADOS,GIBRALTAR,13.095,-58.93,36.19,-5.21,33,"('BARBADOS', 'GIBRALTAR')"
SPITHEAD,FUNCHAL,50.525000000000006,-1.115,32.63,-16.88,33,"('FUNCHAL', 'SPITHEAD')"
NEW YORK,ROTTERDAM,40.75,-73.97,51.0,1.11,33,"('NEW YORK', 'ROTTERDAM')"
PORT ROYAL JAMICA,PLYMOUTH,17.94,-76.84,50.35,-4.16,33,"('PLYMOUTH', 'PORT ROYAL JAMICA')"
NEW YORK,BASSE TERRE,40.75,-73.97,16.23,-61.53,33,"('BASSE TERRE', 'NEW YORK')"
FUNCHAL,RIO DE JANEIRO,32.63,-16.88,-22.9,-43.16,33,"('FUNCHAL', 'RIO DE JANEIRO')"
ST THOMAS,JAMAICA,17.96,-65.14500000000001,18.1,-77.3,33,"('JAMAICA', 'ST THOMAS')"
PLYMOUTH,BASSE TERRE,50.35,-4.16,16.23,-61.53,33,"('BASSE TERRE', 'PLYMOUTH')"
ST GEORGE D'ELMINA,RIO DE JANEIRO,5.08,-1.34,-22.9,-43.16,32,"('RIO DE JANEIRO', ""ST GEORGE D'ELMINA"")"
FUNCHAL,TEXEL,32.63,-16.88,52.615,4.175000000000001,32,"('FUNCHAL', 'TEXEL')"
MACAO,BATAVIA,22.17,113.54,-6.1,106.86,32,"('BATAVIA', 'MACAO')"
LISSABON,NIEUWEDIEP,39.0,-9.65,52.155,3.27,32,"('LISSABON', 'NIEUWEDIEP')"
BATAVIA,NAGEPATNAM,-6.1,106.86,10.75,79.84,32,"('BATAVIA', 'NAGEPATNAM')"
ST CHRISTOFFEL,SURINAME,17.38,-61.57,6.095000000000001,-54.485,32,"('ST CHRISTOFFEL', 'SURINAME')"
PORT ROYAL,UK,17.94,-76.84,51.5,-0.1,32,"('PORT ROYAL', 'UK')"
BATAVIA,DECIMA,-6.1,106.86,32.75,129.87,32,"('BATAVIA', 'DECIMA')"
CORK,NEW YORK,51.35,-8.815,40.75,-73.97,32,"('CORK', 'NEW YORK')"
NANTES,GUADELOUPE,47.22,-1.55,16.25,-61.58,32,"('GUADELOUPE', 'NANTES')"
SAINT PIERRE,BREST,46.77,-55.45,48.34,-5.385,32,"('BREST', 'SAINT PIERRE')"
CADIZ,PLYMOUTH,36.53,-6.3,50.35,-4.16,32,"('CADIZ', 'PLYMOUTH')"
NIEUWEDIEP,PARAMARIBO,52.155,3.27,5.83,-55.15,32,"('NIEUWEDIEP', 'PARAMARIBO')"
JAMAICA,UK,18.1,-77.3,51.5,-0.1,32,"('JAMAICA', 'UK')"
JOHANNA,MADRAS,-12.13,44.4,13.08,80.27,32,"('JOHANNA', 'MADRAS')"
PLYMOUTH,SIERRA LEONE,50.35,-4.16,8.684999999999999,-13.415,32,"('PLYMOUTH', 'SIERRA LEONE')"
CURACAO,LA GUAYRA,12.21,-68.34,10.78,-67.14,32,"('CURACAO', 'LA GUAYRA')"
ANTIGUA,PORTSMOUTH,17.12,-61.85,50.2,-1.58,32,"('ANTIGUA', 'PORTSMOUTH')"
NEW YORK,SPITHEAD,40.75,-73.97,50.525000000000006,-1.115,31,"('NEW YORK', 'SPITHEAD')"
BATAVIA,PUNTO GALE,-6.1,106.86,6.02,80.22,31,"('BATAVIA', 'PUNTO GALE')"
NEW YORK,ANTWERPEN,40.75,-73.97,51.22,4.4,31,"('ANTWERPEN', 'NEW YORK')"
PORTO KABELLO,RIVIER KOMMEWIJNE,10.73,-68.33,6.15,-55.06,31,"('PORTO KABELLO', 'RIVIER KOMMEWIJNE')"
ST THOMAS,FALMOUTH,17.96,-65.14500000000001,50.15,-5.07,31,"('FALMOUTH', 'ST THOMAS')"
SURINAME,FORT ROYAL,6.095000000000001,-54.485,14.59,-61.07,31,"('FORT ROYAL', 'SURINAME')"
ANTIGUA,UK,17.12,-61.85,51.5,-0.1,31,"('ANTIGUA', 'UK')"
MALACCA,MADRAS,2.17,102.24,13.08,80.27,31,"('MADRAS', 'MALACCA')"
JAMAICA,MARTINIQUE,18.1,-77.3,15.65,-61.745000000000005,31,"('JAMAICA', 'MARTINIQUE')"
HELLEVOETSLUIS,ALGIERS,51.81,4.08,36.75,3.04,31,"('ALGIERS', 'HELLEVOETSLUIS')"
ANTIGUA,GIBRALTAR,17.12,-61.85,36.19,-5.21,31,"('ANTIGUA', 'GIBRALTAR')"
BARBADOS,NEDERLAND,13.095,-58.93,52.0,5.0,31,"('BARBADOS', 'NEDERLAND')"
RIO DE JANEIRO,ST EUSTATIUS,-22.9,-43.16,17.5,-62.97,31,"('RIO DE JANEIRO', 'ST EUSTATIUS')"
MAURITIUS,TABLE BAY,-20.17,57.5,-33.9,18.4,31,"('MAURITIUS', 'TABLE BAY')"
SIERRA LEONE,ST GEORGE D'ELMINA,8.684999999999999,-13.415,5.08,-1.34,31,"('SIERRA LEONE', ""ST GEORGE D'ELMINA"")"
MADEIRA,SENEGAL RIVER,32.95,-15.88,14.7,-17.45,31,"('MADEIRA', 'SENEGAL RIVER')"
PUNTE GALE,BATAVIA,6.02,80.22,-6.1,106.86,31,"('BATAVIA', 'PUNTE GALE')"
"PORT LOUIS, MAURITIUS",MADRAS,-20.15,57.47,13.08,80.27,31,"('MADRAS', 'PORT LOUIS, MAURITIUS')"
PORT PHILIP,BATAVIA,-37.9,144.9,-6.1,106.86,31,"('BATAVIA', 'PORT PHILIP')"
BALTIMORE,BREST,-8.56,125.57,48.34,-5.385,30,"('BALTIMORE', 'BREST')"
NEAR MADEIRA,ANTIGUA,32.65,-16.9,17.12,-61.85,30,"('ANTIGUA', 'NEAR MADEIRA')"
LISBON,UK,38.68,-9.1,51.5,-0.1,30,"('LISBON', 'UK')"
YARMOUTH,ANTIGUA,52.61,1.73,17.12,-61.85,30,"('ANTIGUA', 'YARMOUTH')"
ISLE D'AIX,FORT ROYAL,46.58,-4.67,14.59,-61.07,30,"('FORT ROYAL', ""ISLE D'AIX"")"
ST JOHNS ROAD (ANTIGUA),UK,17.12,-61.85,51.5,-0.1,30,"('ST JOHNS ROAD (ANTIGUA)', 'UK')"
PLYMOUTH,SENEGAL,50.35,-4.16,14.7,-17.45,30,"('PLYMOUTH', 'SENEGAL')"
BATAVIA,MADRAS,-6.1,106.86,13.08,80.27,30,"('BATAVIA', 'MADRAS')"
PUNTO GALLE,BATAVIA,6.03,80.22,-6.1,106.86,29,"('BATAVIA', 'PUNTO GALLE')"
PUNTO GALE,MAZULIPATNAM,6.02,80.22,16.16,81.18,29,"('MAZULIPATNAM', 'PUNTO GALE')"
NEDERLAND,PLYMOUTH,52.0,5.0,50.35,-4.16,29,"('NEDERLAND', 'PLYMOUTH')"
NEDERLAND,CURAÇAO,52.0,5.0,12.34,-68.5,29,"('CURAÇAO', 'NEDERLAND')"
CORK (WESTERN APPROACHES),PLYMOUTH,51.9,-8.47,50.35,-4.16,29,"('CORK (WESTERN APPROACHES)', 'PLYMOUTH')"
"PRINCE RUPERT BAY, DOMINICA",DOWNS,15.42,-61.35,51.2,1.4,29,"('DOWNS', 'PRINCE RUPERT BAY, DOMINICA')"
LOUISBOURG,BREST,46.22,-59.29,48.34,-5.385,29,"('BREST', 'LOUISBOURG')"
SOERABAJA,AMBON,-7.23,112.7,-3.68,128.16,29,"('AMBON', 'SOERABAJA')"
JAVA HEAD,MADRAS,-6.75,105.2,13.08,80.27,29,"('JAVA HEAD', 'MADRAS')"
GIBRALTAR,PORT AU PRINCE,36.19,-5.21,18.54,-72.37,29,"('GIBRALTAR', 'PORT AU PRINCE')"
PORT ROYAL (JAMAICA),SPITHEAD,18.1,-77.3,50.525000000000006,-1.115,29,"('PORT ROYAL (JAMAICA)', 'SPITHEAD')"
BASSE TERRE,DOWNS,16.23,-61.53,51.2,1.4,29,"('BASSE TERRE', 'DOWNS')"
PORTSMOUTH,BREST,50.2,-1.58,48.34,-5.385,28,"('BREST', 'PORTSMOUTH')"
CANTON,TILLICHERRY,19.98,113.85,11.73,75.48,28,"('CANTON', 'TILLICHERRY')"
PORT ROYAL JAMAICA,SPITHEAD,18.1,-77.3,50.525000000000006,-1.115,28,"('PORT ROYAL JAMAICA', 'SPITHEAD')"
ROTTERDAM,MADEIRA,51.0,1.11,32.95,-15.88,28,"('MADEIRA', 'ROTTERDAM')"
MADRAS - BALASORE,MADRAS,13.08,80.27,13.08,80.27,28,"('MADRAS', 'MADRAS - BALASORE')"
PLYMOUTH,CORK,50.35,-4.16,51.35,-8.815,28,"('CORK', 'PLYMOUTH')"
HAVANNA,VLISSINGEN,23.27,-82.49,51.45,3.58,27,"('HAVANNA', 'VLISSINGEN')"
GAMRON,COCHIN,26.8,56.6,9.96,76.25,27,"('COCHIN', 'GAMRON')"
MADEIRA,ST JOHN'S ANTIGUA,32.95,-15.88,17.12,-61.85,27,"('MADEIRA', ""ST JOHN'S ANTIGUA"")"
BASSE TERRE,UK,16.23,-61.53,51.5,-0.1,27,"('BASSE TERRE', 'UK')"
RIO DE JANEIRO,"PORT EGMONT, FALKLAND ISLANDS",-22.9,-43.16,-51.8,-59.0,27,"('PORT EGMONT, FALKLAND ISLANDS', 'RIO DE JANEIRO')"
MAKASSAR,BATAVIA,-5.65,118.2,-6.1,106.86,26,"('BATAVIA', 'MAKASSAR')"
FENSHALL ROAD MADEIRA,ANTIGUA,32.65,-16.9,17.12,-61.85,26,"('ANTIGUA', 'FENSHALL ROAD MADEIRA')"
PLYMOUTH,SANTA CRUZ,50.35,-4.16,28.45,-16.25,26,"('PLYMOUTH', 'SANTA CRUZ')"
CEYLON,BATAVIA,6.85,82.1,-6.1,106.86,26,"('BATAVIA', 'CEYLON')"
ST PIERRE,ROCHEFORT,14.73,-61.18,46.515,-1.97,26,"('ROCHEFORT', 'ST PIERRE')"
GULF OF ADEN,BOMBAY,12.79,45.03,18.93,72.85,26,"('BOMBAY', 'GULF OF ADEN')"
HELLEVOETSLUIS,BRIDGETOWN,51.81,4.08,13.82,-58.79,26,"('BRIDGETOWN', 'HELLEVOETSLUIS')"
HALIFAX (CHABUKTA HARBOUR),LISBON,51.5,-0.1,38.68,-9.1,26,"('HALIFAX (CHABUKTA HARBOUR)', 'LISBON')"
HAMPTON,MARGRET ROAD (UK),37.0,-76.2,51.5,-0.1,26,"('HAMPTON', 'MARGRET ROAD (UK)')"
PORT LOUIS,TAFELBAAI,-20.17,57.5,-34.225,18.175,26,"('PORT LOUIS', 'TAFELBAAI')"
TAGUS,SPITHEAD,38.68,-9.1,50.525000000000006,-1.115,26,"('SPITHEAD', 'TAGUS')"
SPITHEAD,CADIZ,50.525000000000006,-1.115,36.53,-6.3,26,"('CADIZ', 'SPITHEAD')"
FUNCHAL,ST JAGO,32.63,-16.88,14.92,-23.52,25,"('FUNCHAL', 'ST JAGO')"
FORT ST DAVID ROAD (MADRAS),ANJANGO ROAD,11.77,79.78,8.66,76.78,25,"('ANJANGO ROAD', 'FORT ST DAVID ROAD (MADRAS)')"
LOUISBOURG,ANTIGUA,46.22,-59.29,17.12,-61.85,25,"('ANTIGUA', 'LOUISBOURG')"
UK,GIBRALTAR,51.5,-0.1,36.19,-5.21,25,"('GIBRALTAR', 'UK')"
PENANG,CALCUTTA,5.42,100.32,20.47,87.27,25,"('CALCUTTA', 'PENANG')"
ST HELENA,ASCENSION,-16.02,-5.08,-7.95,-14.37,25,"('ASCENSION', 'ST HELENA')"
FERROL,FERROL?,43.6,-8.65,43.48,-8.24,25,"('FERROL', 'FERROL?')"
CAP DE DIEMEN,TONGATABOU,-43.9,144.36,-21.085,-175.06,25,"('CAP DE DIEMEN', 'TONGATABOU')"
JAMAICA PORT ROYAL,SPITHEAD,18.1,-77.3,50.525000000000006,-1.115,25,"('JAMAICA PORT ROYAL', 'SPITHEAD')"
MACAO,MALACCA,22.17,113.54,2.17,102.24,24,"('MACAO', 'MALACCA')"
SANTA CRUZ,SPITHEAD,28.45,-16.25,50.525000000000006,-1.115,24,"('SANTA CRUZ', 'SPITHEAD')"
ST MARTIN,LA GUAYRA,17.725,-59.355,10.78,-67.14,24,"('LA GUAYRA', 'ST MARTIN')"
HAVANNA,CURACAO,23.27,-82.49,12.21,-68.34,24,"('CURACAO', 'HAVANNA')"
TRINCOMALEE,MAURITIUS,8.57,81.22,-20.17,57.5,24,"('MAURITIUS', 'TRINCOMALEE')"
COLOMBO (SRI LANKA),PRINCES ISLAND (JAVA),6.93,79.85,-7.5,110.0,24,"('COLOMBO (SRI LANKA)', 'PRINCES ISLAND (JAVA)')"
PARAMARIBO,CAYENNE,5.83,-55.15,4.845000000000001,-52.175,24,"('CAYENNE', 'PARAMARIBO')"
PAPENBERG,BATAVIA,31.67,128.6,-6.1,106.86,24,"('BATAVIA', 'PAPENBERG')"
MADEIRA,RIVER GAMBIA,32.95,-15.88,13.55,-16.7,24,"('MADEIRA', 'RIVER GAMBIA')"
ST HELENA,ROTTERDAM,-16.02,-5.08,51.0,1.11,24,"('ROTTERDAM', 'ST HELENA')"
NEDERLAND,MARSEILLE,52.0,5.0,43.3,5.37,24,"('MARSEILLE', 'NEDERLAND')"
"ENGLISH BAY, ANTIGUA",ANTIGUA,17.12,-61.85,17.12,-61.85,24,"('ANTIGUA', 'ENGLISH BAY, ANTIGUA')"
FAYAL,ANTIGUA,38.63,-29.85,17.12,-61.85,24,"('ANTIGUA', 'FAYAL')"
FUNCHAL,ST EUSTATIUS,32.63,-16.88,17.5,-62.97,24,"('FUNCHAL', 'ST EUSTATIUS')"
FAYAL,SPITHEAD,38.63,-29.85,50.525000000000006,-1.115,24,"('FAYAL', 'SPITHEAD')"
SPITSBERGEN,HELLEVOETSLUIS,60.39,5.32,51.81,4.08,24,"('HELLEVOETSLUIS', 'SPITSBERGEN')"
NEW YORK,BREST,40.75,-73.97,48.34,-5.385,24,"('BREST', 'NEW YORK')"
PUERTO RICO,VERACRUZ (MÉXICO),18.48,-66.13,19.2,-96.1,24,"('PUERTO RICO', 'VERACRUZ (MÉXICO)')"
BAIJ VAN DILAGOA,KAAP DE GOEDE HOOP,-26.0,32.75,-34.12,18.23,23,"('BAIJ VAN DILAGOA', 'KAAP DE GOEDE HOOP')"
CARTAGENA?,CURACAO,10.4,-75.5,12.21,-68.34,23,"('CARTAGENA?', 'CURACAO')"
ST EUSTATIUS,SPITHEAD,17.5,-62.97,50.525000000000006,-1.115,23,"('SPITHEAD', 'ST EUSTATIUS')"
ST EUSTACIUS,CURACAO,17.5,-62.97,12.21,-68.34,23,"('CURACAO', 'ST EUSTACIUS')"
GIBRALTAR,UK,36.19,-5.21,51.5,-0.1,23,"('GIBRALTAR', 'UK')"
CAPE ST VINCENT,BARBADOS,13.15,-61.2,13.095,-58.93,23,"('BARBADOS', 'CAPE ST VINCENT')"
GIBRALTAR,DOWNS,36.19,-5.21,51.2,1.4,23,"('DOWNS', 'GIBRALTAR')"
ST PIERRE,MARTINIQUE,14.73,-61.18,15.65,-61.745000000000005,23,"('MARTINIQUE', 'ST PIERRE')"
MADEIRA,NEVIS,32.95,-15.88,17.15,-62.58,23,"('MADEIRA', 'NEVIS')"
PLYMOUTH,FERROL HARBOUR - CRUISING THE WESTERN APPROACHES,50.35,-4.16,43.48,-8.24,22,"('FERROL HARBOUR - CRUISING THE WESTERN APPROACHES', 'PLYMOUTH')"
BORDEAUX,ROTTERDAM,44.84,-0.58,51.0,1.11,22,"('BORDEAUX', 'ROTTERDAM')"
NEW YORK,BARBADOS,40.75,-73.97,13.095,-58.93,22,"('BARBADOS', 'NEW YORK')"
FUNCHAL,SPITHEAD,32.63,-16.88,50.525000000000006,-1.115,22,"('FUNCHAL', 'SPITHEAD')"
ST JOHN'S ANTIGUA,SPITHEAD,17.12,-61.85,50.525000000000006,-1.115,22,"('SPITHEAD', ""ST JOHN'S ANTIGUA"")"
ST JAGO,FUNCHAL,14.92,-23.52,32.63,-16.88,22,"('FUNCHAL', 'ST JAGO')"
COCHIN,GULF OF ADEN,9.96,76.25,12.79,45.03,22,"('COCHIN', 'GULF OF ADEN')"
CALLAO,VALPARAISO,-12.08,-77.93,-33.08,-71.67,22,"('CALLAO', 'VALPARAISO')"
BREST,CADIZ,48.34,-5.385,36.53,-6.3,22,"('BREST', 'CADIZ')"
SPITHEAD,SANTA CRUZ,50.525000000000006,-1.115,28.45,-16.25,22,"('SANTA CRUZ', 'SPITHEAD')"
NEW YORK,ANTIGUA,40.75,-73.97,17.12,-61.85,22,"('ANTIGUA', 'NEW YORK')"
MONTERREY,SAN BLAS,36.7,-121.91,21.9,-106.96,22,"('MONTERREY', 'SAN BLAS')"
MALAKKA,COLOMBO,2.17,102.24,6.91,79.86,22,"('COLOMBO', 'MALAKKA')"
SPITHEAD,LISBON,50.525000000000006,-1.115,38.68,-9.1,22,"('LISBON', 'SPITHEAD')"
BATAVIA,PAPENBERG,-6.1,106.86,31.67,128.6,22,"('BATAVIA', 'PAPENBERG')"
BATAVIA,SAMARANG,-6.1,106.86,-6.65,110.32,22,"('BATAVIA', 'SAMARANG')"
SURAT,ADEN,21.17,72.83,12.79,45.03,21,"('ADEN', 'SURAT')"
NEDERLAND,ST CRUZ,52.0,5.0,28.55,-16.165,21,"('NEDERLAND', 'ST CRUZ')"
PORTO PRAIJO,ALLERHEILIGEN BAAIJ,14.92,-23.52,-13.01,-38.53,21,"('ALLERHEILIGEN BAAIJ', 'PORTO PRAIJO')"
TALCAGUANA,ILE DE PAQUE,-36.76,-73.17,-27.175,-109.06,21,"('ILE DE PAQUE', 'TALCAGUANA')"
ANTIGUA,FALMOUTH,17.12,-61.85,50.15,-5.07,21,"('ANTIGUA', 'FALMOUTH')"
LA HABANA,VERACRUZ,23.48,-80.91,19.2,-96.1,21,"('LA HABANA', 'VERACRUZ')"
DIEGO GARCIA,COLOMBO,-7.23,72.4,6.91,79.86,21,"('COLOMBO', 'DIEGO GARCIA')"
CURAÇAO,LA GUAIJRA,12.34,-68.5,10.87,-67.03,21,"('CURAÇAO', 'LA GUAIJRA')"
MUSCAT,BOMBAY,23.61,58.59,18.93,72.85,21,"('BOMBAY', 'MUSCAT')"
TILLICHERRY,MOCHA,11.73,75.48,13.32,43.25,20,"('MOCHA', 'TILLICHERRY')"
JOHANNA,BOMBAY,-12.13,44.4,18.93,72.85,20,"('BOMBAY', 'JOHANNA')"
NAGEPATNAM,BELLESOOR,10.75,79.84,21.55,87.4,20,"('BELLESOOR', 'NAGEPATNAM')"
SURAT,MUSCAT,21.17,72.83,23.61,58.59,20,"('MUSCAT', 'SURAT')"
NEDERLAND,LERWICK,52.0,5.0,60.15,-1.12,20,"('LERWICK', 'NEDERLAND')"
CÁDIZ,LISBOA-FERROL,36.525000000000006,-6.41,43.48,-8.24,20,"('CÁDIZ', 'LISBOA-FERROL')"
NOKA,MONTERREY,49.67,-127.21,36.7,-121.91,20,"('MONTERREY', 'NOKA')"
TERNATTEN,BANDA,0.76,127.38,-4.585,129.81,20,"('BANDA', 'TERNATTEN')"
BATAVIA,DIEGO GARCIA,-6.1,106.86,-7.23,72.4,20,"('BATAVIA', 'DIEGO GARCIA')"
NEDERLAND,TANGER,52.0,5.0,35.83,-6.15,20,"('NEDERLAND', 'TANGER')"
MARTINIQUE,ST PIERRE,15.65,-61.745000000000005,14.73,-61.18,20,"('MARTINIQUE', 'ST PIERRE')"
JAMAICA,CURACAO,18.1,-77.3,12.21,-68.34,20,"('CURACAO', 'JAMAICA')"
MADEIRA,ST EUSTATIUS,32.95,-15.88,17.5,-62.97,19,"('MADEIRA', 'ST EUSTATIUS')"
SPITHEAD,ST JOHNS (ANTIGUA),50.525000000000006,-1.115,17.12,-61.85,19,"('SPITHEAD', 'ST JOHNS (ANTIGUA)')"
SURINAME,ST EUSTATIUS,6.095000000000001,-54.485,17.5,-62.97,19,"('ST EUSTATIUS', 'SURINAME')"
SURAT,MOCHA (MOKHA),21.17,72.83,13.32,43.25,19,"('MOCHA (MOKHA)', 'SURAT')"
KEMA,MAKASSAR,1.26,125.36,-5.65,118.2,19,"('KEMA', 'MAKASSAR')"
SPITHEAD,FUNCHAL ROAD (MADEIRA),50.525000000000006,-1.115,32.65,-16.9,19,"('FUNCHAL ROAD (MADEIRA)', 'SPITHEAD')"
TEXEL,PORTO PRAIJO,52.615,4.175000000000001,14.92,-23.52,19,"('PORTO PRAIJO', 'TEXEL')"
CALCUTTA,MADRAS,20.47,87.27,13.08,80.27,19,"('CALCUTTA', 'MADRAS')"
MACAO,MIRABELLE,22.17,113.54,14.38,120.55,19,"('MACAO', 'MIRABELLE')"
CURACAO,MARTINIQUE,12.21,-68.34,15.65,-61.745000000000005,18,"('CURACAO', 'MARTINIQUE')"
MADEIRA,TEXEL,32.95,-15.88,52.615,4.175000000000001,18,"('MADEIRA', 'TEXEL')"
CORK,MADEIRA,51.35,-8.815,32.95,-15.88,18,"('CORK', 'MADEIRA')"
AMSTERDAM,LIVERPOOL,52.77,3.97,53.2,-4.63,18,"('AMSTERDAM', 'LIVERPOOL')"
GIBRALTAR,PORT ROYAL JAMAICA,36.19,-5.21,18.1,-77.3,18,"('GIBRALTAR', 'PORT ROYAL JAMAICA')"
MALDONADO,RIO DE JANEIRO,-34.92,-54.96,-22.9,-43.16,18,"('MALDONADO', 'RIO DE JANEIRO')"
CARTAGENA,CADIZ,10.4,-75.5,36.53,-6.3,18,"('CADIZ', 'CARTAGENA')"
SPITHEAD,FENSHALL ROAD (ANTIGUA),50.525000000000006,-1.115,17.12,-61.85,18,"('FENSHALL ROAD (ANTIGUA)', 'SPITHEAD')"
VALPARAISO,ARIKA,-33.08,-71.67,-18.48,-70.33,18,"('ARIKA', 'VALPARAISO')"
NEW YORK,UK,40.75,-73.97,51.5,-0.1,18,"('NEW YORK', 'UK')"
FALMOUTH,LISBON,50.15,-5.07,38.68,-9.1,18,"('FALMOUTH', 'LISBON')"
ROCHEFORT,FERROL,46.515,-1.97,43.6,-8.65,18,"('FERROL', 'ROCHEFORT')"
TOULON,MALAGA,43.12,5.93,36.72,-4.42,17,"('MALAGA', 'TOULON')"
CÁDIZ,CARTAGENA (ESPAÑA),36.525000000000006,-6.41,10.4,-75.5,17,"('CARTAGENA (ESPAÑA)', 'CÁDIZ')"
BATAVIA,SOERABAIJA,-6.1,106.86,-7.23,112.7,17,"('BATAVIA', 'SOERABAIJA')"
FUNCHAL,FALMOUTH,32.63,-16.88,50.15,-5.07,17,"('FALMOUTH', 'FUNCHAL')"
CADIZ,COCKHAM WOOD UK,36.53,-6.3,51.5,-0.1,17,"('CADIZ', 'COCKHAM WOOD UK')"
ANTIGUA,PLYMOUTH,17.12,-61.85,50.35,-4.16,17,"('ANTIGUA', 'PLYMOUTH')"
MANILA,BATAVIA,14.15,120.5,-6.1,106.86,17,"('BATAVIA', 'MANILA')"
CURACAO,HAVANNA,12.21,-68.34,23.27,-82.49,17,"('CURACAO', 'HAVANNA')"
CUL DE SAC,CAP FRANCAISE,14.42,-59.17,19.74,-72.19,17,"('CAP FRANCAISE', 'CUL DE SAC')"
CADIZ,LISBON,36.53,-6.3,38.68,-9.1,17,"('CADIZ', 'LISBON')"
MOCHA (ARABIAN PENINSULA),BOMBAY,13.32,43.25,18.93,72.85,16,"('BOMBAY', 'MOCHA (ARABIAN PENINSULA)')"
HELLEVOETSLUIS,MALAGA,51.81,4.08,36.72,-4.42,16,"('HELLEVOETSLUIS', 'MALAGA')"
MALAGA,CARTAGENA,36.72,-4.42,10.4,-75.5,16,"('CARTAGENA', 'MALAGA')"
PLYMOUTH,ST JAGO,50.35,-4.16,14.92,-23.52,16,"('PLYMOUTH', 'ST JAGO')"
CURACAO,VERA CRUZ,12.21,-68.34,19.32,-96.22,16,"('CURACAO', 'VERA CRUZ')"
CURAÇAO,NEW YORK,12.34,-68.5,40.75,-73.97,16,"('CURAÇAO', 'NEW YORK')"
CADIZ,UK,36.53,-6.3,51.5,-0.1,16,"('CADIZ', 'UK')"
HAVANNA,UK,23.27,-82.49,51.5,-0.1,16,"('HAVANNA', 'UK')"
SAMARANG,MACAO,-6.65,110.32,22.17,113.54,16,"('MACAO', 'SAMARANG')"
MADRAS,CALCUTTA,13.08,80.27,20.47,87.27,16,"('CALCUTTA', 'MADRAS')"
FORT ST DAVID,ST HELENA,11.77,79.78,-16.02,-5.08,16,"('FORT ST DAVID', 'ST HELENA')"
LISSABON,FUNCHAL,39.0,-9.65,32.63,-16.88,16,"('FUNCHAL', 'LISSABON')"
TERNATE,MENADO,0.79,127.38,1.55,124.0,16,"('MENADO', 'TERNATE')"
SPITHEAD,TENERIFE,50.525000000000006,-1.115,29.375,-16.3,16,"('SPITHEAD', 'TENERIFE')"
ADEN,BOMBAY,12.79,45.03,18.93,72.85,15,"('ADEN', 'BOMBAY')"
PORTO PRAYA,PORTSMOUTH,14.92,-23.52,50.2,-1.58,15,"('PORTO PRAYA', 'PORTSMOUTH')"
ST LUCIA,NEW YORK,13.9,-61.0,40.75,-73.97,15,"('NEW YORK', 'ST LUCIA')"
GIBRALTAR,CADIZ,36.19,-5.21,36.53,-6.3,15,"('CADIZ', 'GIBRALTAR')"
GIBRALTAR,TEXEL,36.19,-5.21,52.615,4.175000000000001,15,"('GIBRALTAR', 'TEXEL')"
PUERTO DE BRESTE,LA CORUÑA,48.4,-4.5,43.36,-8.36,15,"('LA CORUÑA', 'PUERTO DE BRESTE')"
BRAAMSPUNT,ST EUSTATIUS,6.21,-55.11,17.5,-62.97,15,"('BRAAMSPUNT', 'ST EUSTATIUS')"
NIEUWEDIEP,BRISTOL,52.155,3.27,51.45,-2.58,15,"('BRISTOL', 'NIEUWEDIEP')"
LANGLE,CASTRIES,47.88,141.9,51.45,140.85,15,"('CASTRIES', 'LANGLE')"
MADEIRA,PORTO PRAYA,32.95,-15.88,14.92,-23.52,15,"('MADEIRA', 'PORTO PRAYA')"
CÁDIZ,GIBRALTAR,36.525000000000006,-6.41,36.19,-5.21,15,"('CÁDIZ', 'GIBRALTAR')"
MALACCA TOWN,MONOPIN HILL,2.17,102.24,-2.0,105.1,15,"('MALACCA TOWN', 'MONOPIN HILL')"
LISBON,PORTSMOUTH,38.68,-9.1,50.2,-1.58,15,"('LISBON', 'PORTSMOUTH')"
MADEIRA,DOMINICA,32.95,-15.88,15.42,-61.35,15,"('DOMINICA', 'MADEIRA')"
MALACCA,MACAO,2.17,102.24,22.17,113.54,15,"('MACAO', 'MALACCA')"
PORTO RICO,ST EUSTATIUS,41.15,-8.61,17.5,-62.97,15,"('PORTO RICO', 'ST EUSTATIUS')"
STRAAT VAN BANKA,BATAVIA,-2.2,105.42,-6.1,106.86,15,"('BATAVIA', 'STRAAT VAN BANKA')"
UK,MADEIRA,51.5,-0.1,32.95,-15.88,14,"('MADEIRA', 'UK')"
BATAVIA,SOERABAJA,-6.1,106.86,-7.23,112.7,14,"('BATAVIA', 'SOERABAJA')"
MALAGA,HELLEVOETSLUIS,36.72,-4.42,51.81,4.08,14,"('HELLEVOETSLUIS', 'MALAGA')"
ST HELENA,BLACKWALL UK,-16.02,-5.08,51.5,-0.1,14,"('BLACKWALL UK', 'ST HELENA')"
AMBON,SOURABAIJA,-3.68,128.16,-7.23,112.7,14,"('AMBON', 'SOURABAIJA')"
ROTTERDAM,BORDEAUX,51.0,1.11,44.84,-0.58,14,"('BORDEAUX', 'ROTTERDAM')"
LERWICK,HELLEVOETSLUIS,60.15,-1.12,51.81,4.08,14,"('HELLEVOETSLUIS', 'LERWICK')"
TEXEL,FUNCHAL,52.615,4.175000000000001,32.63,-16.88,14,"('FUNCHAL', 'TEXEL')"
RIO DE JANEIRO,MONTEVIDEO,-22.9,-43.16,-34.89,-56.21,14,"('MONTEVIDEO', 'RIO DE JANEIRO')"
LA GUAYRA,CURACAO,10.78,-67.14,12.21,-68.34,14,"('CURACAO', 'LA GUAYRA')"
BOMBAY,CANTON,18.93,72.85,19.98,113.85,14,"('BOMBAY', 'CANTON')"
SAMARANG,BATAVIA,-6.65,110.32,-6.1,106.86,14,"('BATAVIA', 'SAMARANG')"
GIBRALTAR,ALGIERS,36.19,-5.21,36.75,3.04,13,"('ALGIERS', 'GIBRALTAR')"
ST MAARTEN,PARAMARIBO,17.715,-62.52,5.83,-55.15,13,"('PARAMARIBO', 'ST MAARTEN')"
FORT AMSTERDAM,ST EUSTATIUS,6.05,-54.73,17.5,-62.97,13,"('FORT AMSTERDAM', 'ST EUSTATIUS')"
FERROL,CÁDIZ,43.6,-8.65,36.525000000000006,-6.41,13,"('CÁDIZ', 'FERROL')"
GIBRALTAR,LISBON,36.19,-5.21,38.68,-9.1,13,"('GIBRALTAR', 'LISBON')"
ST THOMAS,CORK,17.96,-65.14500000000001,51.35,-8.815,13,"('CORK', 'ST THOMAS')"
JAMAICA,PLYMOUTH,18.1,-77.3,50.35,-4.16,13,"('JAMAICA', 'PLYMOUTH')"
NIEUWEDIEP,LISSABON,52.155,3.27,39.0,-9.65,13,"('LISSABON', 'NIEUWEDIEP')"
DOWNS,MADEIRA,51.2,1.4,32.95,-15.88,13,"('DOWNS', 'MADEIRA')"
ALLICANTEN,LISSABON,38.35,-0.48,39.0,-9.65,13,"('ALLICANTEN', 'LISSABON')"
CURACAO,GUADELOUPE,12.21,-68.34,16.25,-61.58,13,"('CURACAO', 'GUADELOUPE')"
PUNTO GALE,COASTAL TO COCHIN,6.02,80.22,9.93,76.26,13,"('COASTAL TO COCHIN', 'PUNTO GALE')"
YARMOUTH,MADEIRA,52.61,1.73,32.95,-15.88,12,"('MADEIRA', 'YARMOUTH')"
FALMOUTH,MADEIRA,50.15,-5.07,32.95,-15.88,12,"('FALMOUTH', 'MADEIRA')"
PORTSMOUTH,GIBRALTAR,50.2,-1.58,36.19,-5.21,12,"('GIBRALTAR', 'PORTSMOUTH')"
NEW YORK,LOUISBOURG,40.75,-73.97,46.22,-59.29,12,"('LOUISBOURG', 'NEW YORK')"
PORTSMOUTH,LISBON,50.2,-1.58,38.68,-9.1,12,"('LISBON', 'PORTSMOUTH')"
TIMOR,BANDA,-8.56,125.57,-4.585,129.81,12,"('BANDA', 'TIMOR')"
TIRIKUNAMALAYA,GALLE,8.57,81.22,6.0,80.2,12,"('GALLE', 'TIRIKUNAMALAYA')"
GOA ROAD,BOMBAY,15.47,73.77,18.93,72.85,12,"('BOMBAY', 'GOA ROAD')"
SANTA CRUZ,SENEGAL,28.45,-16.25,14.7,-17.45,12,"('SANTA CRUZ', 'SENEGAL')"
AMBON,SOERABAJA,-3.68,128.16,-7.23,112.7,12,"('AMBON', 'SOERABAJA')"
CADIZ,PORTSMOUTH,36.53,-6.3,50.2,-1.58,12,"('CADIZ', 'PORTSMOUTH')"
CORK,FUNCHAL,51.35,-8.815,32.63,-16.88,12,"('CORK', 'FUNCHAL')"
CURACAO,PUERTO CABELLO,12.21,-68.34,11.045,-67.97999999999999,12,"('CURACAO', 'PUERTO CABELLO')"
CURACAO,PORTO RICO,12.21,-68.34,41.15,-8.61,12,"('CURACAO', 'PORTO RICO')"
CADIZ,TENERIFE,36.53,-6.3,29.375,-16.3,12,"('CADIZ', 'TENERIFE')"
PLYMOUTH,FUNCHAL,50.35,-4.16,32.63,-16.88,12,"('FUNCHAL', 'PLYMOUTH')"
CURACAO,ST MARTIN,12.21,-68.34,17.725,-59.355,11,"('CURACAO', 'ST MARTIN')"
VALPARAISO,CALLAO,-33.08,-71.67,-12.08,-77.93,11,"('CALLAO', 'VALPARAISO')"
MADEIRA,ST JOHNS ANTIGUA,32.95,-15.88,17.12,-61.85,11,"('MADEIRA', 'ST JOHNS ANTIGUA')"
CURAÇAO,ST MARTIN,12.34,-68.5,17.725,-59.355,11,"('CURAÇAO', 'ST MARTIN')"
RIVIER KOMMEWIJNE,CURACAO,6.15,-55.06,12.21,-68.34,11,"('CURACAO', 'RIVIER KOMMEWIJNE')"
LISSABON,MADEIRA,39.0,-9.65,32.95,-15.88,11,"('LISSABON', 'MADEIRA')"
ST HELENA,FALMOUTH,-16.02,-5.08,50.15,-5.07,11,"('FALMOUTH', 'ST HELENA')"
TEXEL,PLYMOUTH,52.615,4.175000000000001,50.35,-4.16,11,"('PLYMOUTH', 'TEXEL')"
COCHIN,BOMBAY,9.96,76.25,18.93,72.85,11,"('BOMBAY', 'COCHIN')"
TONGATABOU,NOUVELLE CALEDONIE,-21.085,-175.06,-20.25,164.61,11,"('NOUVELLE CALEDONIE', 'TONGATABOU')"
BASSE TERRE,CHATHAM,16.23,-61.53,51.38,0.52,11,"('BASSE TERRE', 'CHATHAM')"
ST JOHNS ANTIGUA,WOODMANS BAY DOMINICA,17.12,-61.85,15.42,-61.35,11,"('ST JOHNS ANTIGUA', 'WOODMANS BAY DOMINICA')"
MANILLA,PENANG,14.65,119.62,5.42,100.32,11,"('MANILLA', 'PENANG')"
NEW YORK,DOWNS,40.75,-73.97,51.2,1.4,11,"('DOWNS', 'NEW YORK')"
FERROL,CARTAGENA,43.6,-8.65,10.4,-75.5,11,"('CARTAGENA', 'FERROL')"
SURINAME,BARBADOS,6.095000000000001,-54.485,13.095,-58.93,11,"('BARBADOS', 'SURINAME')"
ST EUSTACIUS,LA GUAIJRA,17.5,-62.97,10.87,-67.03,10,"('LA GUAIJRA', 'ST EUSTACIUS')"
VALPARAISO,CHERILLOS,-33.08,-71.67,-12.55,-77.12,10,"('CHERILLOS', 'VALPARAISO')"
VERA CRUZ,HAVANNA,19.32,-96.22,23.27,-82.49,10,"('HAVANNA', 'VERA CRUZ')"
SAMARAS,BATAVIA,-6.65,110.45,-6.1,106.86,10,"('BATAVIA', 'SAMARAS')"
PARAMARIBO,ST MAARTEN,5.83,-55.15,17.715,-62.52,10,"('PARAMARIBO', 'ST MAARTEN')"
BATAVIA,CHERIBON,-6.1,106.86,-6.77,108.55,10,"('BATAVIA', 'CHERIBON')"
SIERRA LEONE,ST JAGO,8.684999999999999,-13.415,14.92,-23.52,10,"('SIERRA LEONE', 'ST JAGO')"
SMYRNA,MALTA,38.42,27.14,35.9,14.51,10,"('MALTA', 'SMYRNA')"
ST THOMAS,BELIZE,17.96,-65.14500000000001,17.240000000000002,-87.275,10,"('BELIZE', 'ST THOMAS')"
SUFTREN,LANGLE,47.87,139.7,47.88,141.9,10,"('LANGLE', 'SUFTREN')"
MARSEILLE,GIBRALTAR,43.3,5.37,36.19,-5.21,10,"('GIBRALTAR', 'MARSEILLE')"
PORTSMOUTH,FUNCHAL,50.2,-1.58,32.63,-16.88,10,"('FUNCHAL', 'PORTSMOUTH')"
BASSE TERRE,ANTIGUA,16.23,-61.53,17.12,-61.85,10,"('ANTIGUA', 'BASSE TERRE')"
ST EUSTACIUS,CURAÇAO,17.5,-62.97,12.34,-68.5,9,"('CURAÇAO', 'ST EUSTACIUS')"
BARCELONA,CADIZ,41.39,2.17,36.53,-6.3,9,"('BARCELONA', 'CADIZ')"
ST AUGUSTINES,JOHANNA,-23.4,43.66,-12.13,44.4,9,"('JOHANNA', 'ST AUGUSTINES')"
AMSTERDAM,ST GEORGE D'ELMINA,52.77,3.97,5.08,-1.34,9,"('AMSTERDAM', ""ST GEORGE D'ELMINA"")"
BATAVIA,SOURABAIJA,-6.1,106.86,-7.23,112.7,9,"('BATAVIA', 'SOURABAIJA')"
NIEUWEDIEP,LIVERPOOL,52.155,3.27,53.2,-4.63,9,"('LIVERPOOL', 'NIEUWEDIEP')"
VERACRUZ.,LA HABANA,19.2,-96.1,23.48,-80.91,9,"('LA HABANA', 'VERACRUZ.')"
MANGASEER ROAD,GOA ROAD,12.83,74.81,15.47,73.77,9,"('GOA ROAD', 'MANGASEER ROAD')"
MARSEILLE,ALLICANTEN,43.3,5.37,38.35,-0.48,9,"('ALLICANTEN', 'MARSEILLE')"
DIEGO GARCIA,PORT LOUIS,-7.23,72.4,-20.17,57.5,9,"('DIEGO GARCIA', 'PORT LOUIS')"
CANARIA,PORTE PRAIJO,28.465,-15.35,14.85,-23.55,9,"('CANARIA', 'PORTE PRAIJO')"
SURGIDERO DE SAN ROQUE,NOKA,53.45,-131.21,49.67,-127.21,9,"('NOKA', 'SURGIDERO DE SAN ROQUE')"
ST HELENA,TRINIDADA,-16.02,-5.08,10.5,-61.25,9,"('ST HELENA', 'TRINIDADA')"
CAPE ST VINCENT,LISBON,13.15,-61.2,38.68,-9.1,9,"('CAPE ST VINCENT', 'LISBON')"
SENEGAL,GOREE,14.7,-17.45,14.67,-17.4,9,"('GOREE', 'SENEGAL')"
PORTO CABELLO,ST EUSTACIUS,10.61,-68.07,17.5,-62.97,9,"('PORTO CABELLO', 'ST EUSTACIUS')"
ST JAGO,GOREE,14.92,-23.52,14.67,-17.4,9,"('GOREE', 'ST JAGO')"
ARIKA,GUAYAQUIL,-18.48,-70.33,-3.32,-80.55,9,"('ARIKA', 'GUAYAQUIL')"
LOUISBOURG,SPITHEAD,46.22,-59.29,50.525000000000006,-1.115,8,"('LOUISBOURG', 'SPITHEAD')"
RIO DE JANEIRO,MALDONADO,-22.9,-43.16,-34.92,-54.96,8,"('MALDONADO', 'RIO DE JANEIRO')"
GUADELOUPE,CURACAO,16.25,-61.58,12.21,-68.34,8,"('CURACAO', 'GUADELOUPE')"
GIBRALTAR,CAPE ST VINCENT,36.19,-5.21,13.15,-61.2,8,"('CAPE ST VINCENT', 'GIBRALTAR')"
MADEIRA,ST JAGO,32.95,-15.88,14.92,-23.52,8,"('MADEIRA', 'ST JAGO')"
CURACAO,TRUXILLO,12.21,-68.34,16.11,-86.015,8,"('CURACAO', 'TRUXILLO')"
GUADELOUPE,CAP FRANCAIS,16.25,-61.58,19.75,-72.2,8,"('CAP FRANCAIS', 'GUADELOUPE')"
AMBON,TERNATTEN,-3.68,128.16,0.76,127.38,8,"('AMBON', 'TERNATTEN')"
CURACAO,AGUADILLA,12.21,-68.34,18.77,-67.6,8,"('AGUADILLA', 'CURACAO')"
SINGAPORE,BATAVIA,1.35,103.82,-6.1,106.86,8,"('BATAVIA', 'SINGAPORE')"
BENGALEN,BATAVIA,22.5,88.3,-6.1,106.86,8,"('BATAVIA', 'BENGALEN')"
NEDERLAND,BILBAO,52.0,5.0,43.26,-2.93,8,"('BILBAO', 'NEDERLAND')"
SOERABAJA,BATAVIA,-7.23,112.7,-6.1,106.86,8,"('BATAVIA', 'SOERABAJA')"
RIO DE LA PLATA,RIO DE JANEIRO,-35.0,-54.78,-22.9,-43.16,8,"('RIO DE JANEIRO', 'RIO DE LA PLATA')"
NIEUWEDIEP,ST CRUZ,52.155,3.27,28.55,-16.165,8,"('NIEUWEDIEP', 'ST CRUZ')"
FALMOUTH,CADIZ,50.15,-5.07,36.53,-6.3,8,"('CADIZ', 'FALMOUTH')"
BONAIRE,LA GUAYRA,12.16,-68.355,10.78,-67.14,8,"('BONAIRE', 'LA GUAYRA')"
WAYGIOU,BONROU,0.09,130.99,-3.115,127.46,8,"('BONROU', 'WAYGIOU')"
SAN BLAS,ACAPULCO,21.9,-106.96,16.85,-99.9,8,"('ACAPULCO', 'SAN BLAS')"
MALTA,SMYRNA,35.9,14.51,38.42,27.14,8,"('MALTA', 'SMYRNA')"
FRUXILLO,VERA CRUZ,16.25,-86.07499999999999,19.32,-96.22,8,"('FRUXILLO', 'VERA CRUZ')"
ST THOMAS,CURACAO,17.96,-65.14500000000001,12.21,-68.34,8,"('CURACAO', 'ST THOMAS')"
CANTON,JAVA,19.98,113.85,-7.5,110.0,8,"('CANTON', 'JAVA')"
CEYLON,TRINCOMALEE,6.85,82.1,8.57,81.22,7,"('CEYLON', 'TRINCOMALEE')"
TRINCOMALEE,PUNTO GALE,8.57,81.22,6.02,80.22,7,"('PUNTO GALE', 'TRINCOMALEE')"
LA CORUÑA,CÁDIZ,43.36,-8.36,36.525000000000006,-6.41,7,"('CÁDIZ', 'LA CORUÑA')"
MANILA,CANTON,14.15,120.5,19.98,113.85,7,"('CANTON', 'MANILA')"
OEJONG SANKA,BATAVIA,-6.72,112.39,-6.1,106.86,7,"('BATAVIA', 'OEJONG SANKA')"
AMSTERDAM,TEXEL,52.77,3.97,52.615,4.175000000000001,7,"('AMSTERDAM', 'TEXEL')"
ST MAARTEN,CURAÇAO,17.715,-62.52,12.34,-68.5,7,"('CURAÇAO', 'ST MAARTEN')"
BATAVIA ROAD,CHEREBON ROAD,-6.05,106.85,-6.7,108.6,7,"('BATAVIA ROAD', 'CHEREBON ROAD')"
CURACAO,FRUXILLO,12.21,-68.34,16.25,-86.07499999999999,7,"('CURACAO', 'FRUXILLO')"
NEVIS,GALLIONS REACH (UK),17.15,-62.58,51.5,-0.1,7,"('GALLIONS REACH (UK)', 'NEVIS')"
MADEIRA,GOREE,32.95,-15.88,14.67,-17.4,7,"('GOREE', 'MADEIRA')"
ASCENSION,PLYMOUTH,-7.95,-14.37,50.35,-4.16,7,"('ASCENSION', 'PLYMOUTH')"
MONTEVIDEO,BUENOS AIRES,-34.89,-56.21,-34.63,-58.33,7,"('BUENOS AIRES', 'MONTEVIDEO')"
AMBOINA,TERNATE,-3.68,128.3,0.79,127.38,7,"('AMBOINA', 'TERNATE')"
DEMERARIJ,PARAMARIBO,6.98,-58.18,5.83,-55.15,7,"('DEMERARIJ', 'PARAMARIBO')"
FORT ROYAL,CAP,14.59,-61.07,19.74,-72.19,7,"('CAP', 'FORT ROYAL')"
LEGHORN,TOWARDS GENOA,43.55,10.32,44.41,8.93,7,"('LEGHORN', 'TOWARDS GENOA')"
FERROL,CADIZ,43.6,-8.65,36.53,-6.3,7,"('CADIZ', 'FERROL')"
CAYENNE,CURACAO,4.845000000000001,-52.175,12.21,-68.34,7,"('CAYENNE', 'CURACAO')"
BROUWERSHAVEN,HARTLEPOOL,51.75,3.9,54.38,0.4,7,"('BROUWERSHAVEN', 'HARTLEPOOL')"
GUADELOUPE,CAP,16.25,-61.58,19.74,-72.19,7,"('CAP', 'GUADELOUPE')"
ST THOMAS,ASCENSION,17.96,-65.14500000000001,-7.95,-14.37,7,"('ASCENSION', 'ST THOMAS')"
ST EUSTACIUS,BONAIRE,17.5,-62.97,12.16,-68.355,6,"('BONAIRE', 'ST EUSTACIUS')"
ST MAARTEN,CURACAO,17.715,-62.52,12.21,-68.34,6,"('CURACAO', 'ST MAARTEN')"
ST EUSTATIUS,BONAIRE,17.5,-62.97,12.16,-68.355,6,"('BONAIRE', 'ST EUSTATIUS')"
PUERTO CABELLO,LA GUAYRA,11.045,-67.97999999999999,10.78,-67.14,6,"('LA GUAYRA', 'PUERTO CABELLO')"
PUERTO CABELLO,LA GUAIJRA,11.045,-67.97999999999999,10.87,-67.03,6,"('LA GUAIJRA', 'PUERTO CABELLO')"
BUENOS AIRES,MONTEVIDEO,-34.63,-58.33,-34.89,-56.21,6,"('BUENOS AIRES', 'MONTEVIDEO')"
BAYONNE,BORDEAUX,43.49,-1.47,44.84,-0.58,6,"('BAYONNE', 'BORDEAUX')"
FERROL HARBOUR,SPITHEAD,43.48,-8.24,50.525000000000006,-1.115,6,"('FERROL HARBOUR', 'SPITHEAD')"
TERNAL,SUFTREN,45.22,137.48,47.87,139.7,6,"('SUFTREN', 'TERNAL')"
CARTAGENA,PALMA DE MALLORCA Y BARCELONA,10.4,-75.5,41.39,2.17,6,"('CARTAGENA', 'PALMA DE MALLORCA Y BARCELONA')"
TAFELBAAI,SIMONSBAAI,-34.225,18.175,-34.53,18.6,6,"('SIMONSBAAI', 'TAFELBAAI')"
RIVER TAGUS (LISBON),PORTSMOUTH,38.72,-9.14,50.2,-1.58,6,"('PORTSMOUTH', 'RIVER TAGUS (LISBON)')"
CURACAO,ST DOMINGO,12.21,-68.34,18.4,-69.67,6,"('CURACAO', 'ST DOMINGO')"
CURACAO,ST THOMAS,12.21,-68.34,17.96,-65.14500000000001,6,"('CURACAO', 'ST THOMAS')"
VLISSINGEN,GUYANA,51.45,3.58,5.83,-51.31,6,"('GUYANA', 'VLISSINGEN')"
BOMBAY,CARNAR,18.93,72.85,14.82,74.1,6,"('BOMBAY', 'CARNAR')"
SOERABAYA,PANGOOL,-7.23,112.7,-9.33,113.68,5,"('PANGOOL', 'SOERABAYA')"
ST MARTIN,CURACAO,17.725,-59.355,12.21,-68.34,5,"('CURACAO', 'ST MARTIN')"
ALICANTE,ALICANTE?,38.17,-0.53,38.35,-0.48,5,"('ALICANTE', 'ALICANTE?')"
CURACAO,BAAI JACOMEL,12.21,-68.34,18.2,-72.53,5,"('BAAI JACOMEL', 'CURACAO')"
CURAÇAO,PUERTO CABELLO,12.34,-68.5,11.045,-67.97999999999999,5,"('CURAÇAO', 'PUERTO CABELLO')"
CURAÇAO,PORTO CABELLO,12.34,-68.5,10.61,-68.07,5,"('CURAÇAO', 'PORTO CABELLO')"
GUADELOUPE,BARBADOS,16.25,-61.58,13.095,-58.93,5,"('BARBADOS', 'GUADELOUPE')"
SPITHEAD,CORK,50.525000000000006,-1.115,51.35,-8.815,5,"('CORK', 'SPITHEAD')"
CÁDIZ,CARTAGENA,36.525000000000006,-6.41,10.4,-75.5,5,"('CARTAGENA', 'CÁDIZ')"
SOURABAIJA,SAMARANG,-7.23,112.7,-6.65,110.32,5,"('SAMARANG', 'SOURABAIJA')"
SOURABAIJA,BATAVIA,-7.23,112.7,-6.1,106.86,5,"('BATAVIA', 'SOURABAIJA')"
BARBADOS,MONTSERRAT,13.095,-58.93,16.75,-62.2,4,"('BARBADOS', 'MONTSERRAT')"
BAAI JACOMEL,JAMAICA,18.2,-72.53,18.1,-77.3,4,"('BAAI JACOMEL', 'JAMAICA')"
PUERTO CABELLO,CARACAS,11.045,-67.97999999999999,10.67,-67.02,4,"('CARACAS', 'PUERTO CABELLO')"
CURACAO,BONAIRE,12.21,-68.34,12.16,-68.355,4,"('BONAIRE', 'CURACAO')"
ST MARTIN,CURAÇAO,17.725,-59.355,12.34,-68.5,4,"('CURAÇAO', 'ST MARTIN')"
PORTSMOUTH,NEW YORK,50.2,-1.58,40.75,-73.97,4,"('NEW YORK', 'PORTSMOUTH')"
MEW BAY-JAVA,BOMBAY,-7.5,110.0,18.93,72.85,4,"('BOMBAY', 'MEW BAY-JAVA')"
BATAVIA,MAKASSAR,-6.1,106.86,-5.65,118.2,4,"('BATAVIA', 'MAKASSAR')"
GUADELOUPE,MARTINIQUE,16.25,-61.58,15.65,-61.745000000000005,3,"('GUADELOUPE', 'MARTINIQUE')"
CURAÇAO,BOCA CHICA,12.34,-68.5,10.63,-75.85,3,"('BOCA CHICA', 'CURAÇAO')"
CHERIBON,OEJONG SANKA,-6.77,108.55,-6.72,112.39,3,"('CHERIBON', 'OEJONG SANKA')"
SPITHEAD,PLYMOUTH,50.525000000000006,-1.115,50.35,-4.16,3,"('PLYMOUTH', 'SPITHEAD')"
CURAÇAO,PORTO CAVALLO,12.34,-68.5,41.15,-8.61,3,"('CURAÇAO', 'PORTO CAVALLO')"
NIEUWEDIEP,MAREGAT,52.155,3.27,51.72,2.92,3,"('MAREGAT', 'NIEUWEDIEP')"
SOERABAIJA,SAMARANG,-7.23,112.7,-6.65,110.32,3,"('SAMARANG', 'SOERABAIJA')"
BREST,ROCHEFORT,48.34,-5.385,46.515,-1.97,3,"('BREST', 'ROCHEFORT')"
RIO DE JANEIRO,VALPARAISA (CHILE),-22.9,-43.16,-1.46,-48.5,3,"('RIO DE JANEIRO', 'VALPARAISA (CHILE)')"
MARTINIQUE,CURACAO,15.65,-61.745000000000005,12.21,-68.34,3,"('CURACAO', 'MARTINIQUE')"
FORT BANJOEWANGIE,OEJONG SANKA,-8.2,114.35,-6.72,112.39,3,"('FORT BANJOEWANGIE', 'OEJONG SANKA')"
ANTIGUA,CURAÇAO,17.12,-61.85,12.34,-68.5,3,"('ANTIGUA', 'CURAÇAO')"
PARAMARIBO,DEMERARIJ,5.83,-55.15,6.98,-58.18,3,"('DEMERARIJ', 'PARAMARIBO')"
TOULON,MARSEILLE,43.12,5.93,43.3,5.37,3,"('MARSEILLE', 'TOULON')"
BANDA,AMBOINA,-4.585,129.81,-3.68,128.3,2,"('AMBOINA', 'BANDA')"
PORTO CABELLO,CURACAO,10.61,-68.07,12.21,-68.34,2,"('CURACAO', 'PORTO CABELLO')"
LA GUAYRA,PORTO CABELLO,10.78,-67.14,10.61,-68.07,2,"('LA GUAYRA', 'PORTO CABELLO')"
BANDA,AMBON,-4.585,129.81,-3.68,128.16,2,"('AMBON', 'BANDA')"
PLYMOUTH,NIEUWENDIEP,50.35,-4.16,52.28,3.28,2,"('NIEUWENDIEP', 'PLYMOUTH')"
ST EUSTATIUS,ST MARTIN,17.5,-62.97,17.725,-59.355,2,"('ST EUSTATIUS', 'ST MARTIN')"
CARACAS,PUERTO CABELLO,10.67,-67.02,11.045,-67.97999999999999,2,"('CARACAS', 'PUERTO CABELLO')"
LA GUAIJRA,CURAÇAO,10.87,-67.03,12.34,-68.5,2,"('CURAÇAO', 'LA GUAIJRA')"
PUNTE GALE,COLOMBO,6.02,80.22,6.91,79.86,1,"('COLOMBO', 'PUNTE GALE')"
MIDDELBURG,RAMMEKENS,51.5,3.6,51.45,3.65,1,"('MIDDELBURG', 'RAMMEKENS')"
PUERTO CABELLO,BONAIRE,11.045,-67.97999999999999,12.16,-68.355,1,"('BONAIRE', 'PUERTO CABELLO')"
COLOMBO,COCHIN,6.91,79.86,9.96,76.25,1,"('COCHIN', 'COLOMBO')"
NORFOLK SOUND,PORT BANKS,56.93,-135.65,56.54,-135.05,1,"('NORFOLK SOUND', 'PORT BANKS')"
PORT EGMONT,BRETTS HARBOUR,-51.7,-57.85,-51.33,-60.2,1,"('BRETTS HARBOUR', 'PORT EGMONT')"
ST MAARTEN,ST THOMAS,17.715,-62.52,17.96,-65.14500000000001,1,"('ST MAARTEN', 'ST THOMAS')"
MARTINIQUE,GUADELOUPE,15.65,-61.745000000000005,16.25,-61.58,1,"('GUADELOUPE', 'MARTINIQUE')"
BONAIRE,CURACAO,12.16,-68.355,12.21,-68.34,1,"('BONAIRE', 'CURACAO')"
ST EUSTATIUS,ST MAARTEN,17.5,-62.97,17.715,-62.52,1,"('ST EUSTATIUS', 'ST MAARTEN')"
BRETTS HARBOUR,PORT EGMONT,-51.33,-60.2,-51.7,-57.85,1,"('BRETTS HARBOUR', 'PORT EGMONT')"
